,Sr. No.,Institute Code,Institute Name,CAP-I,CAP-II,CAP-III
0,"('1.', None)","('1002', None)","('Government College of Engineering, Amravati', None)","('', 'https://fe2022.mahacet.org/CAP-I/CAPR-I_1002.pdf')","('', 'https://fe2022.mahacet.org/CAP-II/CAPR-II_1002.pdf')","('', 'https://fe2022.mahacet.org/CAP-III/CAPR-III_1002.pdf')"
1,"('2.', None)","('1005', None)","('Sant Gadge Baba Amravati University,Amravati', None)","('', 'https://fe2022.mahacet.org/CAP-I/CAPR-I_1005.pdf')","('', 'https://fe2022.mahacet.org/CAP-II/CAPR-II_1005.pdf')","('', 'https://fe2022.mahacet.org/CAP-III/CAPR-III_1005.pdf')"
2,"('3.', None)","('1012', None)","('Government College of Engineering,Yavatmal', None)","('', 'https://fe2022.mahacet.org/CAP-I/CAPR-I_1012.pdf')","('', 'https://fe2022.mahacet.org/CAP-II/CAPR-II_1012.pdf')","('', 'https://fe2022.mahacet.org/CAP-III/CAPR-III_1012.pdf')"
3,"('4.', None)","('1101', None)","('Shri Sant Gajanan Maharaj College of Engineering,Shegaon', None)","('', 'https://fe2022.mahacet.org/CAP-I/CAPR-I_1101.pdf')","('', 'https://fe2022.mahacet.org/CAP-II/CAPR-II_1101.pdf')","('', 'https://fe2022.mahacet.org/CAP-III/CAPR-III_1101.pdf')"
4,"('5.', None)","('1105', None)","('Prof. Ram Meghe Institute of Technology & Research, Amravati', None)","('', 'https://fe2022.mahacet.org/CAP-I/CAPR-I_1105.pdf')","('', 'https://fe2022.mahacet.org/CAP-II/CAPR-II_1105.pdf')","('', 'https://fe2022.mahacet.org/CAP-III/CAPR-III_1105.pdf')"
5,"('6.', None)","('1107', None)","(""P. R. Pote (Patil) Education & Welfare Trust's Group of Institution(Integrated Campus), Amravati"", None)","('', 'https://fe2022.mahacet.org/CAP-I/CAPR-I_1107.pdf')","('', 'https://fe2022.mahacet.org/CAP-II/CAPR-II_1107.pdf')","('', 'https://fe2022.mahacet.org/CAP-III/CAPR-III_1107.pdf')"
6,"('7.', None)","('1114', None)","('Sipna Shikshan Prasarak Mandal College of Engineering & Technology, Amravati', None)","('', 'https://fe2022.mahacet.org/CAP-I/CAPR-I_1114.pdf')","('', 'https://fe2022.mahacet.org/CAP-II/CAPR-II_1114.pdf')","('', 'https://fe2022.mahacet.org/CAP-III/CAPR-III_1114.pdf')"
7,"('8.', None)","('1116', None)","(""Shri Shivaji Education Society's College of Engineering and Technology, Akola"", None)","('', 'https://fe2022.mahacet.org/CAP-I/CAPR-I_1116.pdf')","('', 'https://fe2022.mahacet.org/CAP-II/CAPR-II_1116.pdf')","('', 'https://fe2022.mahacet.org/CAP-III/CAPR-III_1116.pdf')"
8,"('9.', None)","('1117', None)","('Janata Shikshan Prasarak Mandals Babasaheb Naik College Of Engineering, Pusad', None)","('', 'https://fe2022.mahacet.org/CAP-I/CAPR-I_1117.pdf')","('', 'https://fe2022.mahacet.org/CAP-II/CAPR-II_1117.pdf')","('', 'https://fe2022.mahacet.org/CAP-III/CAPR-III_1117.pdf')"
9,"('10.', None)","('1119', None)","(""Paramhansa Ramkrishna Maunibaba Shikshan Santha's , Anuradha Engineering College, Chikhali"", None)","('', 'https://fe2022.mahacet.org/CAP-I/CAPR-I_1119.pdf')","('', 'https://fe2022.mahacet.org/CAP-II/CAPR-II_1119.pdf')","('', 'https://fe2022.mahacet.org/CAP-III/CAPR-III_1119.pdf')"
10,"('11.', None)","('1120', None)","('Jawaharlal Darda Institute of Engineering and Technology, Yavatmal', None)","('', 'https://fe2022.mahacet.org/CAP-I/CAPR-I_1120.pdf')","('', 'https://fe2022.mahacet.org/CAP-II/CAPR-II_1120.pdf')","('', 'https://fe2022.mahacet.org/CAP-III/CAPR-III_1120.pdf')"
11,"('12.', None)","('1121', None)","('Shri Hanuman Vyayam Prasarak Mandals College of Engineering & Technology, Amravati', None)","('', 'https://fe2022.mahacet.org/CAP-I/CAPR-I_1121.pdf')","('', 'https://fe2022.mahacet.org/CAP-II/CAPR-II_1121.pdf')","('', 'https://fe2022.mahacet.org/CAP-III/CAPR-III_1121.pdf')"
12,"('13.', None)","('1123', None)","('Dr.Rajendra Gode Institute of Technology & Research, Amravati', None)","('', 'https://fe2022.mahacet.org/CAP-I/CAPR-I_1123.pdf')","('', 'https://fe2022.mahacet.org/CAP-II/CAPR-II_1123.pdf')","('', 'https://fe2022.mahacet.org/CAP-III/CAPR-III_1123.pdf')"
13,"('14.', None)","('1125', None)","('Dwarka Bahu Uddeshiya Gramin Vikas Foundation, Rajarshri Shahu College of Engineering, Buldhana', None)","('', 'https://fe2022.mahacet.org/CAP-I/CAPR-I_1125.pdf')","('', 'https://fe2022.mahacet.org/CAP-II/CAPR-II_1125.pdf')","('', 'https://fe2022.mahacet.org/CAP-III/CAPR-III_1125.pdf')"
14,"('15.', None)","('1126', None)","(""Shri. Dadasaheb Gawai Charitable Trust's Dr. Smt. Kamaltai Gawai Institute of Engineering & Technology, Darapur, Amravati"", None)","('', 'https://fe2022.mahacet.org/CAP-I/CAPR-I_1126.pdf')","('', 'https://fe2022.mahacet.org/CAP-II/CAPR-II_1126.pdf')","('', 'https://fe2022.mahacet.org/CAP-III/CAPR-III_1126.pdf')"
15,"('16.', None)","('1127', None)","(""Jagadambha Bahuuddeshiya Gramin Vikas Sanstha's Jagdambha College of Engineering and Technology, Yavatmal"", None)","('', 'https://fe2022.mahacet.org/CAP-I/CAPR-I_1127.pdf')","('', 'https://fe2022.mahacet.org/CAP-II/CAPR-II_1127.pdf')","('', 'https://fe2022.mahacet.org/CAP-III/CAPR-III_1127.pdf')"
16,"('17.', None)","('1128', None)","('Prof Ram Meghe College of Engineering and Management, Badnera', None)","('', 'https://fe2022.mahacet.org/CAP-I/CAPR-I_1128.pdf')","('', 'https://fe2022.mahacet.org/CAP-II/CAPR-II_1128.pdf')","('', 'https://fe2022.mahacet.org/CAP-III/CAPR-III_1128.pdf')"
17,"('18.', None)","('1130', None)","(""Vision Buldhana Educational & Welfare Society's Pankaj Laddhad Institute of Technology & Management Studies, Yelgaon"", None)","('', 'https://fe2022.mahacet.org/CAP-I/CAPR-I_1130.pdf')","('', 'https://fe2022.mahacet.org/CAP-II/CAPR-II_1130.pdf')","('', 'https://fe2022.mahacet.org/CAP-III/CAPR-III_1130.pdf')"
18,"('19.', None)","('1180', None)","('Sanmati Engineering College, Sawargaon Barde, Washim', None)","('', 'https://fe2022.mahacet.org/CAP-I/CAPR-I_1180.pdf')","('', 'https://fe2022.mahacet.org/CAP-II/CAPR-II_1180.pdf')","('', 'https://fe2022.mahacet.org/CAP-III/CAPR-III_1180.pdf')"
19,"('20.', None)","('1182', None)","('Padmashri Dr. V.B. Kolte College of Engineering, Malkapur, Buldhana', None)","('', 'https://fe2022.mahacet.org/CAP-I/CAPR-I_1182.pdf')","('', 'https://fe2022.mahacet.org/CAP-II/CAPR-II_1182.pdf')","('', 'https://fe2022.mahacet.org/CAP-III/CAPR-III_1182.pdf')"
20,"('21.', None)","('1265', None)","('Mauli Group of Institutions, College of Engineering and Technology, Shegaon.', None)","('', 'https://fe2022.mahacet.org/CAP-I/CAPR-I_1265.pdf')","('', 'https://fe2022.mahacet.org/CAP-II/CAPR-II_1265.pdf')","('', 'https://fe2022.mahacet.org/CAP-III/CAPR-III_1265.pdf')"
21,"('22.', None)","('1268', None)","('Siddhivinayak Technical Campus, School of Engineering & Research Technology, Shirasgon, Nile', None)","('', 'https://fe2022.mahacet.org/CAP-I/CAPR-I_1268.pdf')","('', 'https://fe2022.mahacet.org/CAP-II/CAPR-II_1268.pdf')","('', 'https://fe2022.mahacet.org/CAP-III/CAPR-III_1268.pdf')"
22,"('23.', None)","('1276', None)","('Manav School of Engineering & Technology, Gut No. 1035 Nagpur Surat Highway, NH No. 6 Tal.Vyala, Balapur, Akola, 444302', None)","('', 'https://fe2022.mahacet.org/CAP-I/CAPR-I_1276.pdf')","('', 'https://fe2022.mahacet.org/CAP-II/CAPR-II_1276.pdf')","('', 'https://fe2022.mahacet.org/CAP-III/CAPR-III_1276.pdf')"
23,"('24.', None)","('2008', None)","('Government College of Engineering, Aurangabad', None)","('', 'https://fe2022.mahacet.org/CAP-I/CAPR-I_2008.pdf')","('', 'https://fe2022.mahacet.org/CAP-II/CAPR-II_2008.pdf')","('', 'https://fe2022.mahacet.org/CAP-III/CAPR-III_2008.pdf')"
24,"('25.', None)","('2020', None)","('Shri Guru Gobind Singhji Institute of Engineering and Technology, Nanded', None)","('', 'https://fe2022.mahacet.org/CAP-I/CAPR-I_2020.pdf')","('', 'https://fe2022.mahacet.org/CAP-II/CAPR-II_2020.pdf')","('', 'https://fe2022.mahacet.org/CAP-III/CAPR-III_2020.pdf')"
25,"('26.', None)","('2021', None)","('University Department of Chemical Technology, Aurangabad', None)","('', 'https://fe2022.mahacet.org/CAP-I/CAPR-I_2021.pdf')","('', 'https://fe2022.mahacet.org/CAP-II/CAPR-II_2021.pdf')","('', 'https://fe2022.mahacet.org/CAP-III/CAPR-III_2021.pdf')"
26,"('27.', None)","('2032', None)","('Institute of Chemical Technology, Mumbai Marathwada off campus, Jalna', None)","('', 'https://fe2022.mahacet.org/CAP-I/CAPR-I_2032.pdf')","('', 'https://fe2022.mahacet.org/CAP-II/CAPR-II_2032.pdf')","('', 'https://fe2022.mahacet.org/CAP-III/CAPR-III_2032.pdf')"
27,"('28.', None)","('2111', None)","('Everest Education Society, Group of Institutions (Integrated Campus), Ohar', None)","('', 'https://fe2022.mahacet.org/CAP-I/CAPR-I_2111.pdf')","('', 'https://fe2022.mahacet.org/CAP-II/CAPR-II_2111.pdf')","('', 'https://fe2022.mahacet.org/CAP-III/CAPR-III_2111.pdf')"
28,"('29.', None)","('2112', None)","('Shree Yash Pratishthan, Shreeyash College of Engineering and Technology, Aurangabad', None)","('', 'https://fe2022.mahacet.org/CAP-I/CAPR-I_2112.pdf')","('', 'https://fe2022.mahacet.org/CAP-II/CAPR-II_2112.pdf')","('', 'https://fe2022.mahacet.org/CAP-III/CAPR-III_2112.pdf')"
29,"('30.', None)","('2113', None)","(""G. S. Mandal's Maharashtra Institute of Technology, Aurangabad"", None)","('', 'https://fe2022.mahacet.org/CAP-I/CAPR-I_2113.pdf')","('', 'https://fe2022.mahacet.org/CAP-II/CAPR-II_2113.pdf')","('', 'https://fe2022.mahacet.org/CAP-III/CAPR-III_2113.pdf')"
30,"('31.', None)","('2114', None)","('Deogiri Institute of Engineering and Management Studies, Aurangabad', None)","('', 'https://fe2022.mahacet.org/CAP-I/CAPR-I_2114.pdf')","('', 'https://fe2022.mahacet.org/CAP-II/CAPR-II_2114.pdf')","('', 'https://fe2022.mahacet.org/CAP-III/CAPR-III_2114.pdf')"
31,"('32.', None)","('2116', None)","(""Matoshri Pratishan's Group of Institutions (Integrated Campus), Kupsarwadi , Nanded"", None)","('', 'https://fe2022.mahacet.org/CAP-I/CAPR-I_2116.pdf')","('', 'https://fe2022.mahacet.org/CAP-II/CAPR-II_2116.pdf')","('', 'https://fe2022.mahacet.org/CAP-III/CAPR-III_2116.pdf')"
32,"('33.', None)","('2127', None)","('Mahatma Gandhi Missions College of Engineering, Hingoli Rd, Nanded.', None)","('', 'https://fe2022.mahacet.org/CAP-I/CAPR-I_2127.pdf')","('', 'https://fe2022.mahacet.org/CAP-II/CAPR-II_2127.pdf')","('', 'https://fe2022.mahacet.org/CAP-III/CAPR-III_2127.pdf')"
33,"('34.', None)","('2129', None)","('M.S. Bidve Engineering College, Latur', None)","('', 'https://fe2022.mahacet.org/CAP-I/CAPR-I_2129.pdf')","('', 'https://fe2022.mahacet.org/CAP-II/CAPR-II_2129.pdf')","('', 'https://fe2022.mahacet.org/CAP-III/CAPR-III_2129.pdf')"
34,"('35.', None)","('2130', None)","(""Terna Public Charitable Trust's College of Engineering, Osmanabad"", None)","('', 'https://fe2022.mahacet.org/CAP-I/CAPR-I_2130.pdf')","('', 'https://fe2022.mahacet.org/CAP-II/CAPR-II_2130.pdf')","('', 'https://fe2022.mahacet.org/CAP-III/CAPR-III_2130.pdf')"
35,"('36.', None)","('2131', None)","('Shree Tuljabhavani College of Engineering, Tuljapur', None)","('', 'https://fe2022.mahacet.org/CAP-I/CAPR-I_2131.pdf')","('', 'https://fe2022.mahacet.org/CAP-II/CAPR-II_2131.pdf')","('', 'https://fe2022.mahacet.org/CAP-III/CAPR-III_2131.pdf')"
36,"('37.', None)","('2133', None)","(""Mahatma Basaweshwar Education Society's College of Engineering, Ambejogai"", None)","('', 'https://fe2022.mahacet.org/CAP-I/CAPR-I_2133.pdf')","('', 'https://fe2022.mahacet.org/CAP-II/CAPR-II_2133.pdf')","('', 'https://fe2022.mahacet.org/CAP-III/CAPR-III_2133.pdf')"
37,"('38.', None)","('2134', None)","(""Peoples Education Society's College of Engineering, Aurangabad"", None)","('', 'https://fe2022.mahacet.org/CAP-I/CAPR-I_2134.pdf')","('', 'https://fe2022.mahacet.org/CAP-II/CAPR-II_2134.pdf')","('', 'https://fe2022.mahacet.org/CAP-III/CAPR-III_2134.pdf')"
38,"('39.', None)","('2135', None)","('Hi-Tech Institute of Technology, Aurangabad', None)","('', 'https://fe2022.mahacet.org/CAP-I/CAPR-I_2135.pdf')","('', 'https://fe2022.mahacet.org/CAP-II/CAPR-II_2135.pdf')","('', 'https://fe2022.mahacet.org/CAP-III/CAPR-III_2135.pdf')"
39,"('40.', None)","('2136', None)","('Aditya Engineering College , Beed', None)","('', 'https://fe2022.mahacet.org/CAP-I/CAPR-I_2136.pdf')","('', 'https://fe2022.mahacet.org/CAP-II/CAPR-II_2136.pdf')","('', 'https://fe2022.mahacet.org/CAP-III/CAPR-III_2136.pdf')"
40,"('41.', None)","('2137', None)","('Nagnathappa Halge Engineering College, Parli, Beed', None)","('', 'https://fe2022.mahacet.org/CAP-I/CAPR-I_2137.pdf')","('', 'https://fe2022.mahacet.org/CAP-II/CAPR-II_2137.pdf')","('', 'https://fe2022.mahacet.org/CAP-III/CAPR-III_2137.pdf')"
41,"('42.', None)","('2138', None)","(""Matsyodari Shikshan Sansatha's College of Engineering and Technology, Jalna"", None)","('', 'https://fe2022.mahacet.org/CAP-I/CAPR-I_2138.pdf')","('', 'https://fe2022.mahacet.org/CAP-II/CAPR-II_2138.pdf')","('', 'https://fe2022.mahacet.org/CAP-III/CAPR-III_2138.pdf')"
42,"('43.', None)","('2146', None)","(""Adarsh Shikshan Prasarak Mandal's K. T. Patil College of Engineering and Technology, Osmanabad"", None)","('', 'https://fe2022.mahacet.org/CAP-I/CAPR-I_2146.pdf')","('', 'https://fe2022.mahacet.org/CAP-II/CAPR-II_2146.pdf')","('', 'https://fe2022.mahacet.org/CAP-III/CAPR-III_2146.pdf')"
43,"('44.', None)","('2250', None)","('Aurangabad College of Engineering, Naygaon Savangi, Aurangabad', None)","('', 'https://fe2022.mahacet.org/CAP-I/CAPR-I_2250.pdf')","('', 'https://fe2022.mahacet.org/CAP-II/CAPR-II_2250.pdf')","('', 'https://fe2022.mahacet.org/CAP-III/CAPR-III_2250.pdf')"
44,"('45.', None)","('2252', None)","(""Marathwada Shikshan Prasarak Mandal's Shri Shivaji Institute of Engineering and Management Studies, Parbhani"", None)","('', 'https://fe2022.mahacet.org/CAP-I/CAPR-I_2252.pdf')","('', 'https://fe2022.mahacet.org/CAP-II/CAPR-II_2252.pdf')","('', 'https://fe2022.mahacet.org/CAP-III/CAPR-III_2252.pdf')"
45,"('46.', None)","('2254', None)","('Vilasrao Deshmukh Foundation Group of Institutions, Latur', None)","('', 'https://fe2022.mahacet.org/CAP-I/CAPR-I_2254.pdf')","('', 'https://fe2022.mahacet.org/CAP-II/CAPR-II_2254.pdf')","('', 'https://fe2022.mahacet.org/CAP-III/CAPR-III_2254.pdf')"
46,"('47.', None)","('2508', None)","('GRAMIN TECHNICAL AND MANAGEMENT CAMPUS NANDED.', None)","('', 'https://fe2022.mahacet.org/CAP-I/CAPR-I_2508.pdf')","('', 'https://fe2022.mahacet.org/CAP-II/CAPR-II_2508.pdf')","('', 'https://fe2022.mahacet.org/CAP-III/CAPR-III_2508.pdf')"
47,"('48.', None)","('2516', None)","('International Centre Of Excellence In Engineering and Management (ICEEM)', None)","('', 'https://fe2022.mahacet.org/CAP-I/CAPR-I_2516.pdf')","('', 'https://fe2022.mahacet.org/CAP-II/CAPR-II_2516.pdf')","('', 'https://fe2022.mahacet.org/CAP-III/CAPR-III_2516.pdf')"
48,"('49.', None)","('2522', None)","(""STMEI's Sandipani Technical Campus-Faculty of Engineering, Latur."", None)","('', 'https://fe2022.mahacet.org/CAP-I/CAPR-I_2522.pdf')","('', 'https://fe2022.mahacet.org/CAP-II/CAPR-II_2522.pdf')","('', 'https://fe2022.mahacet.org/CAP-III/CAPR-III_2522.pdf')"
49,"('50.', None)","('2533', None)","('CSMSS Chh. Shahu College of Engineering, Aurangabad', None)","('', 'https://fe2022.mahacet.org/CAP-I/CAPR-I_2533.pdf')","('', 'https://fe2022.mahacet.org/CAP-II/CAPR-II_2533.pdf')","('', 'https://fe2022.mahacet.org/CAP-III/CAPR-III_2533.pdf')"
50,"('51.', None)","('3012', None)","('Veermata Jijabai Technological Institute(VJTI), Matunga, Mumbai', None)","('', 'https://fe2022.mahacet.org/CAP-I/CAPR-I_3012.pdf')","('', 'https://fe2022.mahacet.org/CAP-II/CAPR-II_3012.pdf')","('', 'https://fe2022.mahacet.org/CAP-III/CAPR-III_3012.pdf')"
51,"('52.', None)","('3014', None)","('Sardar Patel College of Engineering, Andheri', None)","('', 'https://fe2022.mahacet.org/CAP-I/CAPR-I_3014.pdf')","('', 'https://fe2022.mahacet.org/CAP-II/CAPR-II_3014.pdf')","('', 'https://fe2022.mahacet.org/CAP-III/CAPR-III_3014.pdf')"
52,"('53.', None)","('3033', None)","('Dr. Babasaheb Ambedkar Technological University, Lonere', None)","('', 'https://fe2022.mahacet.org/CAP-I/CAPR-I_3033.pdf')","('', 'https://fe2022.mahacet.org/CAP-II/CAPR-II_3033.pdf')","('', 'https://fe2022.mahacet.org/CAP-III/CAPR-III_3033.pdf')"
53,"('54.', None)","('3035', None)","(""Usha Mittal Institute of Technology SNDT Women's University, Mumbai"", None)","('', 'https://fe2022.mahacet.org/CAP-I/CAPR-I_3035.pdf')","('', 'https://fe2022.mahacet.org/CAP-II/CAPR-II_3035.pdf')","('', 'https://fe2022.mahacet.org/CAP-III/CAPR-III_3035.pdf')"
54,"('55.', None)","('3036', None)","('Institute of Chemical Technology, Matunga, Mumbai', None)","('', 'https://fe2022.mahacet.org/CAP-I/CAPR-I_3036.pdf')","('', 'https://fe2022.mahacet.org/CAP-II/CAPR-II_3036.pdf')","('', 'https://fe2022.mahacet.org/CAP-III/CAPR-III_3036.pdf')"
55,"('56.', None)","('3042', None)","('Government College of Engineering, Ratnagiri', None)","('', 'https://fe2022.mahacet.org/CAP-I/CAPR-I_3042.pdf')","('', 'https://fe2022.mahacet.org/CAP-II/CAPR-II_3042.pdf')","('', 'https://fe2022.mahacet.org/CAP-III/CAPR-III_3042.pdf')"
56,"('57.', None)","('3135', None)","(""Manjara Charitable Trust's Rajiv Gandhi Institute of Technology, Mumbai"", None)","('', 'https://fe2022.mahacet.org/CAP-I/CAPR-I_3135.pdf')","('', 'https://fe2022.mahacet.org/CAP-II/CAPR-II_3135.pdf')","('', 'https://fe2022.mahacet.org/CAP-III/CAPR-III_3135.pdf')"
57,"('58.', None)","('3139', None)","('Vidyalankar Institute of Technology,Wadala, Mumbai', None)","('', 'https://fe2022.mahacet.org/CAP-I/CAPR-I_3139.pdf')","('', 'https://fe2022.mahacet.org/CAP-II/CAPR-II_3139.pdf')","('', 'https://fe2022.mahacet.org/CAP-III/CAPR-III_3139.pdf')"
58,"('59.', None)","('3146', None)","(""Jawahar Education Society's Annasaheb Chudaman Patil College of Engineering,Kharghar, Navi Mumbai"", None)","('', 'https://fe2022.mahacet.org/CAP-I/CAPR-I_3146.pdf')","('', 'https://fe2022.mahacet.org/CAP-II/CAPR-II_3146.pdf')","('', 'https://fe2022.mahacet.org/CAP-III/CAPR-III_3146.pdf')"
59,"('60.', None)","('3147', None)","('Saraswati Education Society, Yadavrao Tasgaonkar Institute of Engineering & Technology, Karjat', None)","('', 'https://fe2022.mahacet.org/CAP-I/CAPR-I_3147.pdf')","('', 'https://fe2022.mahacet.org/CAP-II/CAPR-II_3147.pdf')","('', 'https://fe2022.mahacet.org/CAP-III/CAPR-III_3147.pdf')"
60,"('61.', None)","('3148', None)","(""Mahavir Education Trust's Shah & Anchor Kutchhi Engineering College, Mumbai"", None)","('', 'https://fe2022.mahacet.org/CAP-I/CAPR-I_3148.pdf')","('', 'https://fe2022.mahacet.org/CAP-II/CAPR-II_3148.pdf')","('', 'https://fe2022.mahacet.org/CAP-III/CAPR-III_3148.pdf')"
61,"('62.', None)","('3154', None)","(""Saraswati Education Society's Saraswati College of Engineering,Kharghar Navi Mumbai"", None)","('', 'https://fe2022.mahacet.org/CAP-I/CAPR-I_3154.pdf')","('', 'https://fe2022.mahacet.org/CAP-II/CAPR-II_3154.pdf')","('', 'https://fe2022.mahacet.org/CAP-III/CAPR-III_3154.pdf')"
62,"('63.', None)","('3175', None)","(""M.G.M.'s College of Engineering and Technology, Kamothe, Navi Mumbai"", None)","('', 'https://fe2022.mahacet.org/CAP-I/CAPR-I_3175.pdf')","('', 'https://fe2022.mahacet.org/CAP-II/CAPR-II_3175.pdf')","('', 'https://fe2022.mahacet.org/CAP-III/CAPR-III_3175.pdf')"
63,"('64.', None)","('3176', None)","('Thakur College of Engineering and Technology, Kandivali, Mumbai', None)","('', 'https://fe2022.mahacet.org/CAP-I/CAPR-I_3176.pdf')","('', 'https://fe2022.mahacet.org/CAP-II/CAPR-II_3176.pdf')","('', 'https://fe2022.mahacet.org/CAP-III/CAPR-III_3176.pdf')"
64,"('65.', None)","('3182', None)","('Thadomal Shahani Engineering College, Bandra, Mumbai', None)","('', 'https://fe2022.mahacet.org/CAP-I/CAPR-I_3182.pdf')","('', 'https://fe2022.mahacet.org/CAP-II/CAPR-II_3182.pdf')","('', 'https://fe2022.mahacet.org/CAP-III/CAPR-III_3182.pdf')"
65,"('66.', None)","('3183', None)","(""Anjuman-I-Islam's M.H. Saboo Siddik College of Engineering, Byculla, Mumbai"", None)","('', 'https://fe2022.mahacet.org/CAP-I/CAPR-I_3183.pdf')","('', 'https://fe2022.mahacet.org/CAP-II/CAPR-II_3183.pdf')","('', 'https://fe2022.mahacet.org/CAP-III/CAPR-III_3183.pdf')"
66,"('67.', None)","('3184', None)","('Fr. Conceicao Rodrigues College of Engineering, Bandra,Mumbai', None)","('', 'https://fe2022.mahacet.org/CAP-I/CAPR-I_3184.pdf')","('', 'https://fe2022.mahacet.org/CAP-II/CAPR-II_3184.pdf')","('', 'https://fe2022.mahacet.org/CAP-III/CAPR-III_3184.pdf')"
67,"('68.', None)","('3185', None)","(""Vivekanand Education Society's Institute of Technology, Chembur, Mumbai"", None)","('', 'https://fe2022.mahacet.org/CAP-I/CAPR-I_3185.pdf')","('', 'https://fe2022.mahacet.org/CAP-II/CAPR-II_3185.pdf')","('', 'https://fe2022.mahacet.org/CAP-III/CAPR-III_3185.pdf')"
68,"('69.', None)","('3187', None)","(""N.Y.S.S.'s Datta Meghe College of Engineering, Airoli, Navi Mumbai"", None)","('', 'https://fe2022.mahacet.org/CAP-I/CAPR-I_3187.pdf')","('', 'https://fe2022.mahacet.org/CAP-II/CAPR-II_3187.pdf')","('', 'https://fe2022.mahacet.org/CAP-III/CAPR-III_3187.pdf')"
69,"('70.', None)","('3188', None)","(""Vasantdada Patil Pratishthan's College Of Engineering and Visual Arts, Sion, Mumbai"", None)","('', 'https://fe2022.mahacet.org/CAP-I/CAPR-I_3188.pdf')","('', 'https://fe2022.mahacet.org/CAP-II/CAPR-II_3188.pdf')","('', 'https://fe2022.mahacet.org/CAP-III/CAPR-III_3188.pdf')"
70,"('71.', None)","('3189', None)","('Bharati Vidyapeeth College of Engineering, Navi Mumbai', None)","('', 'https://fe2022.mahacet.org/CAP-I/CAPR-I_3189.pdf')","('', 'https://fe2022.mahacet.org/CAP-II/CAPR-II_3189.pdf')","('', 'https://fe2022.mahacet.org/CAP-III/CAPR-III_3189.pdf')"
71,"('72.', None)","('3190', None)","('Terna Engineering College, Nerul, Navi Mumbai', None)","('', 'https://fe2022.mahacet.org/CAP-I/CAPR-I_3190.pdf')","('', 'https://fe2022.mahacet.org/CAP-II/CAPR-II_3190.pdf')","('', 'https://fe2022.mahacet.org/CAP-III/CAPR-III_3190.pdf')"
72,"('73.', None)","('3192', None)","('Smt. Indira Gandhi College of Engineering, Navi Mumbai', None)","('', 'https://fe2022.mahacet.org/CAP-I/CAPR-I_3192.pdf')","('', 'https://fe2022.mahacet.org/CAP-II/CAPR-II_3192.pdf')","('', 'https://fe2022.mahacet.org/CAP-III/CAPR-III_3192.pdf')"
73,"('74.', None)","('3193', None)","('Shivajirao S. Jondhale College of Engineering, Dombivali,Mumbai', None)","('', 'https://fe2022.mahacet.org/CAP-I/CAPR-I_3193.pdf')","('', 'https://fe2022.mahacet.org/CAP-II/CAPR-II_3193.pdf')","('', 'https://fe2022.mahacet.org/CAP-III/CAPR-III_3193.pdf')"
74,"('75.', None)","('3194', None)","(""Vidyavardhini's College of Engineering and Technology, Vasai"", None)","('', 'https://fe2022.mahacet.org/CAP-I/CAPR-I_3194.pdf')","('', 'https://fe2022.mahacet.org/CAP-II/CAPR-II_3194.pdf')","('', 'https://fe2022.mahacet.org/CAP-III/CAPR-III_3194.pdf')"
75,"('76.', None)","('3196', None)","('Lokmanya Tilak College of Engineering, Kopar Khairane, Navi Mumbai', None)","('', 'https://fe2022.mahacet.org/CAP-I/CAPR-I_3196.pdf')","('', 'https://fe2022.mahacet.org/CAP-II/CAPR-II_3196.pdf')","('', 'https://fe2022.mahacet.org/CAP-III/CAPR-III_3196.pdf')"
76,"('77.', None)","('3197', None)","(""Agnel Charities' FR. C. Rodrigues Institute of Technology, Vashi, Navi Mumbai"", None)","('', 'https://fe2022.mahacet.org/CAP-I/CAPR-I_3197.pdf')","('', 'https://fe2022.mahacet.org/CAP-II/CAPR-II_3197.pdf')","('', 'https://fe2022.mahacet.org/CAP-III/CAPR-III_3197.pdf')"
77,"('78.', None)","('3198', None)","('Konkan Gyanpeeth College of Engineering, Karjat', None)","('', 'https://fe2022.mahacet.org/CAP-I/CAPR-I_3198.pdf')","('', 'https://fe2022.mahacet.org/CAP-II/CAPR-II_3198.pdf')","('', 'https://fe2022.mahacet.org/CAP-III/CAPR-III_3198.pdf')"
78,"('79.', None)","('3199', None)","(""Shri Vile Parle Kelvani Mandal's Dwarkadas J. Sanghvi College of Engineering, Vile Parle,Mumbai"", None)","('', 'https://fe2022.mahacet.org/CAP-I/CAPR-I_3199.pdf')","('', 'https://fe2022.mahacet.org/CAP-II/CAPR-II_3199.pdf')","('', 'https://fe2022.mahacet.org/CAP-III/CAPR-III_3199.pdf')"
79,"('80.', None)","('3200', None)","(""Hope Foundation and research center's Finolex Academy of Management and Technology, Ratnagiri"", None)","('', 'https://fe2022.mahacet.org/CAP-I/CAPR-I_3200.pdf')","('', 'https://fe2022.mahacet.org/CAP-II/CAPR-II_3200.pdf')","('', 'https://fe2022.mahacet.org/CAP-III/CAPR-III_3200.pdf')"
80,"('81.', None)","('3201', None)","(""Rizvi Education Society's Rizvi College of Engineering, Bandra,Mumbai"", None)","('', 'https://fe2022.mahacet.org/CAP-I/CAPR-I_3201.pdf')","('', 'https://fe2022.mahacet.org/CAP-II/CAPR-II_3201.pdf')","('', 'https://fe2022.mahacet.org/CAP-III/CAPR-III_3201.pdf')"
81,"('82.', None)","('3202', None)","('Rajendra Mane College of Engineering & Technology Ambav Deorukh', None)","('', 'https://fe2022.mahacet.org/CAP-I/CAPR-I_3202.pdf')","('', 'https://fe2022.mahacet.org/CAP-II/CAPR-II_3202.pdf')","('', 'https://fe2022.mahacet.org/CAP-III/CAPR-III_3202.pdf')"
82,"('83.', None)","('3203', None)","('Atharva College of Engineering,Malad(West),Mumbai', None)","('', 'https://fe2022.mahacet.org/CAP-I/CAPR-I_3203.pdf')","('', 'https://fe2022.mahacet.org/CAP-II/CAPR-II_3203.pdf')","('', 'https://fe2022.mahacet.org/CAP-III/CAPR-III_3203.pdf')"
83,"('84.', None)","('3204', None)","('St. Francis Institute of Technology,Borivali, Mumbai', None)","('', 'https://fe2022.mahacet.org/CAP-I/CAPR-I_3204.pdf')","('', 'https://fe2022.mahacet.org/CAP-II/CAPR-II_3204.pdf')","('', 'https://fe2022.mahacet.org/CAP-III/CAPR-III_3204.pdf')"
84,"('85.', None)","('3206', None)","(""S.S.P.M.'s College of Engineering, Kankavli"", None)","('', 'https://fe2022.mahacet.org/CAP-I/CAPR-I_3206.pdf')","('', 'https://fe2022.mahacet.org/CAP-II/CAPR-II_3206.pdf')","('', 'https://fe2022.mahacet.org/CAP-III/CAPR-III_3206.pdf')"
85,"('86.', None)","('3207', None)","(""Mahatma Education Society's Pillai College of Engineering, New Panvel"", None)","('', 'https://fe2022.mahacet.org/CAP-I/CAPR-I_3207.pdf')","('', 'https://fe2022.mahacet.org/CAP-II/CAPR-II_3207.pdf')","('', 'https://fe2022.mahacet.org/CAP-III/CAPR-III_3207.pdf')"
86,"('87.', None)","('3208', None)","('Don Bosco Institute of Technology, Mumbai', None)","('', 'https://fe2022.mahacet.org/CAP-I/CAPR-I_3208.pdf')","('', 'https://fe2022.mahacet.org/CAP-II/CAPR-II_3208.pdf')","('', 'https://fe2022.mahacet.org/CAP-III/CAPR-III_3208.pdf')"
87,"('88.', None)","('3209', None)","('K J Somaiya Institute of Technology', None)","('', 'https://fe2022.mahacet.org/CAP-I/CAPR-I_3209.pdf')","('', 'https://fe2022.mahacet.org/CAP-II/CAPR-II_3209.pdf')","('', 'https://fe2022.mahacet.org/CAP-III/CAPR-III_3209.pdf')"
88,"('89.', None)","('3210', None)","(""Excelsior Education Society's K.C. College of Engineering and Management Studies and Research, Kopri, Thane (E)"", None)","('', 'https://fe2022.mahacet.org/CAP-I/CAPR-I_3210.pdf')","('', 'https://fe2022.mahacet.org/CAP-II/CAPR-II_3210.pdf')","('', 'https://fe2022.mahacet.org/CAP-III/CAPR-III_3210.pdf')"
89,"('90.', None)","('3211', None)","('S.I.E.S. Graduate School of Technology, Nerul, Navi Mumbai', None)","('', 'https://fe2022.mahacet.org/CAP-I/CAPR-I_3211.pdf')","('', 'https://fe2022.mahacet.org/CAP-II/CAPR-II_3211.pdf')","('', 'https://fe2022.mahacet.org/CAP-III/CAPR-III_3211.pdf')"
90,"('91.', None)","('3212', None)","('WATUMULL INSTITUTE OF ELECTRONICS ENGINEERING & COMPUTER TECHNOLOGY, ULHASNAGAR', None)","('', 'https://fe2022.mahacet.org/CAP-I/CAPR-I_3212.pdf')","('', 'https://fe2022.mahacet.org/CAP-II/CAPR-II_3212.pdf')","('', 'https://fe2022.mahacet.org/CAP-III/CAPR-III_3212.pdf')"
91,"('92.', None)","('3214', None)","('Xavier Institute Of Engineering C/O Xavier Technical Institute,Mahim,Mumbai', None)","('', 'https://fe2022.mahacet.org/CAP-I/CAPR-I_3214.pdf')","('', 'https://fe2022.mahacet.org/CAP-II/CAPR-II_3214.pdf')","('', 'https://fe2022.mahacet.org/CAP-III/CAPR-III_3214.pdf')"
92,"('93.', None)","('3215', None)","(""Bhartiya Vidya Bhavan's Sardar Patel Institute of Technology , Andheri, Mumbai"", None)","('', 'https://fe2022.mahacet.org/CAP-I/CAPR-I_3215.pdf')","('', 'https://fe2022.mahacet.org/CAP-II/CAPR-II_3215.pdf')","('', 'https://fe2022.mahacet.org/CAP-III/CAPR-III_3215.pdf')"
93,"('94.', None)","('3216', None)","(""Gharda Foundation's Gharda Institute of Technology,Khed, Ratnagiri"", None)","('', 'https://fe2022.mahacet.org/CAP-I/CAPR-I_3216.pdf')","('', 'https://fe2022.mahacet.org/CAP-II/CAPR-II_3216.pdf')","('', 'https://fe2022.mahacet.org/CAP-III/CAPR-III_3216.pdf')"
94,"('95.', None)","('3217', None)","(""Vighnaharata Trust's Shivajirao S. Jondhale College of Engineering & Technology, Shahapur, Asangaon, Dist Thane"", None)","('', 'https://fe2022.mahacet.org/CAP-I/CAPR-I_3217.pdf')","('', 'https://fe2022.mahacet.org/CAP-II/CAPR-II_3217.pdf')","('', 'https://fe2022.mahacet.org/CAP-III/CAPR-III_3217.pdf')"
95,"('96.', None)","('3218', None)","(""Aldel Education Trust's St. John College of Engineering & Management, Vevoor, Palghar"", None)","('', 'https://fe2022.mahacet.org/CAP-I/CAPR-I_3218.pdf')","('', 'https://fe2022.mahacet.org/CAP-II/CAPR-II_3218.pdf')","('', 'https://fe2022.mahacet.org/CAP-III/CAPR-III_3218.pdf')"
96,"('97.', None)","('3219', None)","(""Koti Vidya Charitable Trust's Smt. Alamuri Ratnamala Institute of Engineering and Technology, Sapgaon, Tal. Shahapur"", None)","('', 'https://fe2022.mahacet.org/CAP-I/CAPR-I_3219.pdf')","('', 'https://fe2022.mahacet.org/CAP-II/CAPR-II_3219.pdf')","('', 'https://fe2022.mahacet.org/CAP-III/CAPR-III_3219.pdf')"
97,"('98.', None)","('3220', None)","('Yadavrao Tasgaonkar College of Engineering & Management', None)","('', 'https://fe2022.mahacet.org/CAP-I/CAPR-I_3220.pdf')","('', 'https://fe2022.mahacet.org/CAP-II/CAPR-II_3220.pdf')","('', 'https://fe2022.mahacet.org/CAP-III/CAPR-III_3220.pdf')"
98,"('99.', None)","('3221', None)","('Late Shri. Vishnu Waman Thakur Charitable Trust, Viva Institute of Technology, Shirgaon', None)","('', 'https://fe2022.mahacet.org/CAP-I/CAPR-I_3221.pdf')","('', 'https://fe2022.mahacet.org/CAP-II/CAPR-II_3221.pdf')","('', 'https://fe2022.mahacet.org/CAP-III/CAPR-III_3221.pdf')"
99,"('100.', None)","('3222', None)","(""Haji Jamaluddin Thim Trust's Theem College of Engineering, At. Villege Betegaon, Boisar"", None)","('', 'https://fe2022.mahacet.org/CAP-I/CAPR-I_3222.pdf')","('', 'https://fe2022.mahacet.org/CAP-II/CAPR-II_3222.pdf')","('', 'https://fe2022.mahacet.org/CAP-III/CAPR-III_3222.pdf')"
100,"('101.', None)","('3223', None)","(""Mahatma Education Society's Pillai HOC College of Engineering & Technology, Tal. Khalapur. Dist. Raigad"", None)","('', 'https://fe2022.mahacet.org/CAP-I/CAPR-I_3223.pdf')","('', 'https://fe2022.mahacet.org/CAP-II/CAPR-II_3223.pdf')","('', 'https://fe2022.mahacet.org/CAP-III/CAPR-III_3223.pdf')"
101,"('102.', None)","('3224', None)","('Leela Education Society, G.V. Acharya Institute of Engineering and Technology, Shelu, Karjat', None)","('', 'https://fe2022.mahacet.org/CAP-I/CAPR-I_3224.pdf')","('', 'https://fe2022.mahacet.org/CAP-II/CAPR-II_3224.pdf')","('', 'https://fe2022.mahacet.org/CAP-III/CAPR-III_3224.pdf')"
102,"('103.', None)","('3351', None)","('Bharat College of Engineering, Kanhor, Badlapur(W)', None)","('', 'https://fe2022.mahacet.org/CAP-I/CAPR-I_3351.pdf')","('', 'https://fe2022.mahacet.org/CAP-II/CAPR-II_3351.pdf')","('', 'https://fe2022.mahacet.org/CAP-III/CAPR-III_3351.pdf')"
103,"('104.', None)","('3353', None)","('Dilkap Research Institute Of Engineering and Management Studies, At.Mamdapur, Post- Neral, Tal- Karjat, Mumbai', None)","('', 'https://fe2022.mahacet.org/CAP-I/CAPR-I_3353.pdf')","('', 'https://fe2022.mahacet.org/CAP-II/CAPR-II_3353.pdf')","('', 'https://fe2022.mahacet.org/CAP-III/CAPR-III_3353.pdf')"
104,"('105.', None)","('3423', None)","('Shree L.R. Tiwari College of Engineering, Mira Road, Mumbai', None)","('', 'https://fe2022.mahacet.org/CAP-I/CAPR-I_3423.pdf')","('', 'https://fe2022.mahacet.org/CAP-II/CAPR-II_3423.pdf')","('', 'https://fe2022.mahacet.org/CAP-III/CAPR-III_3423.pdf')"
105,"('106.', None)","('3436', None)","('B.R. Harne College of Engineering & Technology, Karav, Tal-Ambernath.', None)","('', 'https://fe2022.mahacet.org/CAP-I/CAPR-I_3436.pdf')","('', 'https://fe2022.mahacet.org/CAP-II/CAPR-II_3436.pdf')","('', 'https://fe2022.mahacet.org/CAP-III/CAPR-III_3436.pdf')"
106,"('107.', None)","('3439', None)","(""Anjuman-I-Islam's Kalsekar Technical Campus, Panvel"", None)","('', 'https://fe2022.mahacet.org/CAP-I/CAPR-I_3439.pdf')","('', 'https://fe2022.mahacet.org/CAP-II/CAPR-II_3439.pdf')","('', 'https://fe2022.mahacet.org/CAP-III/CAPR-III_3439.pdf')"
107,"('108.', None)","('3440', None)","('Metropolitan Institute of Technology & Management, Sukhalwad, Sindhudurg.', None)","('', 'https://fe2022.mahacet.org/CAP-I/CAPR-I_3440.pdf')","('', 'https://fe2022.mahacet.org/CAP-II/CAPR-II_3440.pdf')","('', 'https://fe2022.mahacet.org/CAP-III/CAPR-III_3440.pdf')"
108,"('109.', None)","('3445', None)","('Vishwatmak Jangli Maharaj Ashram Trust (Kokamthan), Atma Malik Institute Of Technology & Research', None)","('', 'https://fe2022.mahacet.org/CAP-I/CAPR-I_3445.pdf')","('', 'https://fe2022.mahacet.org/CAP-II/CAPR-II_3445.pdf')","('', 'https://fe2022.mahacet.org/CAP-III/CAPR-III_3445.pdf')"
109,"('110.', None)","('3447', None)","('G.M.Vedak Institute of Technology, Tala, Raigad.', None)","('', 'https://fe2022.mahacet.org/CAP-I/CAPR-I_3447.pdf')","('', 'https://fe2022.mahacet.org/CAP-II/CAPR-II_3447.pdf')","('', 'https://fe2022.mahacet.org/CAP-III/CAPR-III_3447.pdf')"
110,"('111.', None)","('3460', None)","('Universal College of Engineering,Kaman Dist. Palghar', None)","('', 'https://fe2022.mahacet.org/CAP-I/CAPR-I_3460.pdf')","('', 'https://fe2022.mahacet.org/CAP-II/CAPR-II_3460.pdf')","('', 'https://fe2022.mahacet.org/CAP-III/CAPR-III_3460.pdf')"
111,"('112.', None)","('3462', None)","(""VPM's Maharshi Parshuram College of Engineering, Velneshwar, Ratnagiri."", None)","('', 'https://fe2022.mahacet.org/CAP-I/CAPR-I_3462.pdf')","('', 'https://fe2022.mahacet.org/CAP-II/CAPR-II_3462.pdf')","('', 'https://fe2022.mahacet.org/CAP-III/CAPR-III_3462.pdf')"
112,"('113.', None)","('3465', None)","('Ideal Institute of Technology, Wada, Dist.Thane', None)","('', 'https://fe2022.mahacet.org/CAP-I/CAPR-I_3465.pdf')","('', 'https://fe2022.mahacet.org/CAP-II/CAPR-II_3465.pdf')","('', 'https://fe2022.mahacet.org/CAP-III/CAPR-III_3465.pdf')"
113,"('114.', None)","('3467', None)","(""Vishwaniketan's Institute of Management Entrepreneurship and Engineering Technology(i MEET), Khalapur Dist Raigad"", None)","('', 'https://fe2022.mahacet.org/CAP-I/CAPR-I_3467.pdf')","('', 'https://fe2022.mahacet.org/CAP-II/CAPR-II_3467.pdf')","('', 'https://fe2022.mahacet.org/CAP-III/CAPR-III_3467.pdf')"
114,"('115.', None)","('3471', None)","('New Horizon Institute of Technology & Management, Thane', None)","('', 'https://fe2022.mahacet.org/CAP-I/CAPR-I_3471.pdf')","('', 'https://fe2022.mahacet.org/CAP-II/CAPR-II_3471.pdf')","('', 'https://fe2022.mahacet.org/CAP-III/CAPR-III_3471.pdf')"
115,"('116.', None)","('3475', None)","('A. P. Shah Institute of Technology, Thane', None)","('', 'https://fe2022.mahacet.org/CAP-I/CAPR-I_3475.pdf')","('', 'https://fe2022.mahacet.org/CAP-II/CAPR-II_3475.pdf')","('', 'https://fe2022.mahacet.org/CAP-III/CAPR-III_3475.pdf')"
116,"('117.', None)","('3477', None)","('Chhartrapati Shivaji Maharaj Institute of Technology, Shedung, Panvel', None)","('', 'https://fe2022.mahacet.org/CAP-I/CAPR-I_3477.pdf')","('', 'https://fe2022.mahacet.org/CAP-II/CAPR-II_3477.pdf')","('', 'https://fe2022.mahacet.org/CAP-III/CAPR-III_3477.pdf')"
117,"('118.', None)","('3503', None)","('Indala College Of Engineering, Bapsai Tal.Kalyan', None)","('', 'https://fe2022.mahacet.org/CAP-I/CAPR-I_3503.pdf')","('', 'https://fe2022.mahacet.org/CAP-II/CAPR-II_3503.pdf')","('', 'https://fe2022.mahacet.org/CAP-III/CAPR-III_3503.pdf')"
118,"('119.', None)","('4004', None)","('Government College of Engineering, Chandrapur', None)","('', 'https://fe2022.mahacet.org/CAP-I/CAPR-I_4004.pdf')","('', 'https://fe2022.mahacet.org/CAP-II/CAPR-II_4004.pdf')","('', 'https://fe2022.mahacet.org/CAP-III/CAPR-III_4004.pdf')"
119,"('120.', None)","('4005', None)","('Laxminarayan Institute of Technology, Nagpur', None)","('', 'https://fe2022.mahacet.org/CAP-I/CAPR-I_4005.pdf')","('', 'https://fe2022.mahacet.org/CAP-II/CAPR-II_4005.pdf')","('', 'https://fe2022.mahacet.org/CAP-III/CAPR-III_4005.pdf')"
120,"('121.', None)","('4025', None)","('Government College of Engineering, Nagpur', None)","('', 'https://fe2022.mahacet.org/CAP-I/CAPR-I_4025.pdf')","('', 'https://fe2022.mahacet.org/CAP-II/CAPR-II_4025.pdf')","('', 'https://fe2022.mahacet.org/CAP-III/CAPR-III_4025.pdf')"
121,"('122.', None)","('4104', None)","('Kavi Kulguru Institute of Technology & Science, Ramtek', None)","('', 'https://fe2022.mahacet.org/CAP-I/CAPR-I_4104.pdf')","('', 'https://fe2022.mahacet.org/CAP-II/CAPR-II_4104.pdf')","('', 'https://fe2022.mahacet.org/CAP-III/CAPR-III_4104.pdf')"
122,"('123.', None)","('4115', None)","('Shri Ramdeobaba College of Engineering and Management, Nagpur', None)","('', 'https://fe2022.mahacet.org/CAP-I/CAPR-I_4115.pdf')","('', 'https://fe2022.mahacet.org/CAP-II/CAPR-II_4115.pdf')","('', 'https://fe2022.mahacet.org/CAP-III/CAPR-III_4115.pdf')"
123,"('124.', None)","('4116', None)","(""Ankush Shikshan Sanstha's G.H.Raisoni College of Engineering, Nagpur"", None)","('', 'https://fe2022.mahacet.org/CAP-I/CAPR-I_4116.pdf')","('', 'https://fe2022.mahacet.org/CAP-II/CAPR-II_4116.pdf')","('', 'https://fe2022.mahacet.org/CAP-III/CAPR-III_4116.pdf')"
124,"('125.', None)","('4118', None)","('Bapurao Deshmukh College of Engineering, Sevagram', None)","('', 'https://fe2022.mahacet.org/CAP-I/CAPR-I_4118.pdf')","('', 'https://fe2022.mahacet.org/CAP-II/CAPR-II_4118.pdf')","('', 'https://fe2022.mahacet.org/CAP-III/CAPR-III_4118.pdf')"
125,"('126.', None)","('4123', None)","('Lokmanya Tilak Jankalyan Shikshan Sanstha, Priyadarshani College of Engineering, Nagpur', None)","('', 'https://fe2022.mahacet.org/CAP-I/CAPR-I_4123.pdf')","('', 'https://fe2022.mahacet.org/CAP-II/CAPR-II_4123.pdf')","('', 'https://fe2022.mahacet.org/CAP-III/CAPR-III_4123.pdf')"
126,"('127.', None)","('4133', None)","(""Sanmarg Shikshan Sanstha's Smt. Radhikatai Pandav College of Engineering, Nagpur"", None)","('', 'https://fe2022.mahacet.org/CAP-I/CAPR-I_4133.pdf')","('', 'https://fe2022.mahacet.org/CAP-II/CAPR-II_4133.pdf')","('', 'https://fe2022.mahacet.org/CAP-III/CAPR-III_4133.pdf')"
127,"('128.', None)","('4134', None)","('Guru Nanak Institute of Engineering & Technology,Kalmeshwar, Nagpur', None)","('', 'https://fe2022.mahacet.org/CAP-I/CAPR-I_4134.pdf')","('', 'https://fe2022.mahacet.org/CAP-II/CAPR-II_4134.pdf')","('', 'https://fe2022.mahacet.org/CAP-III/CAPR-III_4134.pdf')"
128,"('129.', None)","('4135', None)","(""Amar Seva Mandal's Shree Govindrao Vanjari College of Engineering & Technology, Nagpur"", None)","('', 'https://fe2022.mahacet.org/CAP-I/CAPR-I_4135.pdf')","('', 'https://fe2022.mahacet.org/CAP-II/CAPR-II_4135.pdf')","('', 'https://fe2022.mahacet.org/CAP-III/CAPR-III_4135.pdf')"
129,"('130.', None)","('4136', None)","('Lokmanya Tilak Jankalyan Shikshan Sastha, Priyadarshini J. L. College Of Engineering, Nagpur', None)","('', 'https://fe2022.mahacet.org/CAP-I/CAPR-I_4136.pdf')","('', 'https://fe2022.mahacet.org/CAP-II/CAPR-II_4136.pdf')","('', 'https://fe2022.mahacet.org/CAP-III/CAPR-III_4136.pdf')"
130,"('131.', None)","('4137', None)","(""Sir Shantilal Badjate Charitable Trust's S. B. Jain Institute of technology, Management & Research, Nagpur"", None)","('', 'https://fe2022.mahacet.org/CAP-I/CAPR-I_4137.pdf')","('', 'https://fe2022.mahacet.org/CAP-II/CAPR-II_4137.pdf')","('', 'https://fe2022.mahacet.org/CAP-III/CAPR-III_4137.pdf')"
131,"('132.', None)","('4138', None)","('Jaidev Education Society, J D College of Engineering and Management, Nagpur', None)","('', 'https://fe2022.mahacet.org/CAP-I/CAPR-I_4138.pdf')","('', 'https://fe2022.mahacet.org/CAP-II/CAPR-II_4138.pdf')","('', 'https://fe2022.mahacet.org/CAP-III/CAPR-III_4138.pdf')"
132,"('133.', None)","('4139', None)","('Samridhi Sarwajanik Charitable Trust, Jhulelal Institute of Technology, Nagpur', None)","('', 'https://fe2022.mahacet.org/CAP-I/CAPR-I_4139.pdf')","('', 'https://fe2022.mahacet.org/CAP-II/CAPR-II_4139.pdf')","('', 'https://fe2022.mahacet.org/CAP-III/CAPR-III_4139.pdf')"
133,"('134.', None)","('4141', None)","('Shriram Gram Vikas Shikshan Sanstha, Vilasrao Deshmukh College of Engineering and Technology, Nagpur', None)","('', 'https://fe2022.mahacet.org/CAP-I/CAPR-I_4141.pdf')","('', 'https://fe2022.mahacet.org/CAP-II/CAPR-II_4141.pdf')","('', 'https://fe2022.mahacet.org/CAP-III/CAPR-III_4141.pdf')"
134,"('135.', None)","('4142', None)","(""Ankush Shikshan Sanstha's G. H. Raisoni Institute of Engineering & Technology, Nagpur"", None)","('', 'https://fe2022.mahacet.org/CAP-I/CAPR-I_4142.pdf')","('', 'https://fe2022.mahacet.org/CAP-II/CAPR-II_4142.pdf')","('', 'https://fe2022.mahacet.org/CAP-III/CAPR-III_4142.pdf')"
135,"('136.', None)","('4143', None)","('Sanmarg Shikshan Sanstha, Mandukarrao Pandav College of Engineering, Bhandara', None)","('', 'https://fe2022.mahacet.org/CAP-I/CAPR-I_4143.pdf')","('', 'https://fe2022.mahacet.org/CAP-II/CAPR-II_4143.pdf')","('', 'https://fe2022.mahacet.org/CAP-III/CAPR-III_4143.pdf')"
136,"('137.', None)","('4144', None)","('Shri. Sai Shikshan Sanstha, Nagpur Institute of Technology, Nagpur', None)","('', 'https://fe2022.mahacet.org/CAP-I/CAPR-I_4144.pdf')","('', 'https://fe2022.mahacet.org/CAP-II/CAPR-II_4144.pdf')","('', 'https://fe2022.mahacet.org/CAP-III/CAPR-III_4144.pdf')"
137,"('138.', None)","('4145', None)","('Wainganga College of Engineering and Management, Dongargaon, Nagpur', None)","('', 'https://fe2022.mahacet.org/CAP-I/CAPR-I_4145.pdf')","('', 'https://fe2022.mahacet.org/CAP-II/CAPR-II_4145.pdf')","('', 'https://fe2022.mahacet.org/CAP-III/CAPR-III_4145.pdf')"
138,"('139.', None)","('4147', None)","('K.D.K. College of Engineering, Nagpur', None)","('', 'https://fe2022.mahacet.org/CAP-I/CAPR-I_4147.pdf')","('', 'https://fe2022.mahacet.org/CAP-II/CAPR-II_4147.pdf')","('', 'https://fe2022.mahacet.org/CAP-III/CAPR-III_4147.pdf')"
139,"('140.', None)","('4151', None)","(""Vidarbha Bahu-Uddeshiya Shikshan Sanstha's Tulshiramji Gaikwad Patil College of Engineering & Technology, Nagpur"", None)","('', 'https://fe2022.mahacet.org/CAP-I/CAPR-I_4151.pdf')","('', 'https://fe2022.mahacet.org/CAP-II/CAPR-II_4151.pdf')","('', 'https://fe2022.mahacet.org/CAP-III/CAPR-III_4151.pdf')"
140,"('141.', None)","('4163', None)","('Rajiv Gandhi College of Engineering Research & Technology Chandrapur', None)","('', 'https://fe2022.mahacet.org/CAP-I/CAPR-I_4163.pdf')","('', 'https://fe2022.mahacet.org/CAP-II/CAPR-II_4163.pdf')","('', 'https://fe2022.mahacet.org/CAP-III/CAPR-III_4163.pdf')"
141,"('142.', None)","('4167', None)","('Yeshwantrao Chavan College of Engineering,Wanadongri, Nagpur', None)","('', 'https://fe2022.mahacet.org/CAP-I/CAPR-I_4167.pdf')","('', 'https://fe2022.mahacet.org/CAP-II/CAPR-II_4167.pdf')","('', 'https://fe2022.mahacet.org/CAP-III/CAPR-III_4167.pdf')"
142,"('143.', None)","('4172', None)","('Anjuman College of Engineering & Technology, Nagpur', None)","('', 'https://fe2022.mahacet.org/CAP-I/CAPR-I_4172.pdf')","('', 'https://fe2022.mahacet.org/CAP-II/CAPR-II_4172.pdf')","('', 'https://fe2022.mahacet.org/CAP-III/CAPR-III_4172.pdf')"
143,"('144.', None)","('4174', None)","('ST. Vincent Pallotti College of Engineering & Technology, Nagpur', None)","('', 'https://fe2022.mahacet.org/CAP-I/CAPR-I_4174.pdf')","('', 'https://fe2022.mahacet.org/CAP-II/CAPR-II_4174.pdf')","('', 'https://fe2022.mahacet.org/CAP-III/CAPR-III_4174.pdf')"
144,"('145.', None)","('4175', None)","('JMSS Shri Shankarprasad Agnihotri College of Engineering, Wardha', None)","('', 'https://fe2022.mahacet.org/CAP-I/CAPR-I_4175.pdf')","('', 'https://fe2022.mahacet.org/CAP-II/CAPR-II_4175.pdf')","('', 'https://fe2022.mahacet.org/CAP-III/CAPR-III_4175.pdf')"
145,"('146.', None)","('4177', None)","('Priyadarshini Bhagwati College of Engineering, Harpur Nagar, Umred Road,Nagpur', None)","('', 'https://fe2022.mahacet.org/CAP-I/CAPR-I_4177.pdf')","('', 'https://fe2022.mahacet.org/CAP-II/CAPR-II_4177.pdf')","('', 'https://fe2022.mahacet.org/CAP-III/CAPR-III_4177.pdf')"
146,"('147.', None)","('4181', None)","('Swaminarayan Siddhanta Institute Of Technology, Nagpur', None)","('', 'https://fe2022.mahacet.org/CAP-I/CAPR-I_4181.pdf')","('', 'https://fe2022.mahacet.org/CAP-II/CAPR-II_4181.pdf')","('', 'https://fe2022.mahacet.org/CAP-III/CAPR-III_4181.pdf')"
147,"('148.', None)","('4188', None)","('Krushi Jivan Vikas Pratishthan, Ballarpur Institute of Technology, Mouza Bamni', None)","('', 'https://fe2022.mahacet.org/CAP-I/CAPR-I_4188.pdf')","('', 'https://fe2022.mahacet.org/CAP-II/CAPR-II_4188.pdf')","('', 'https://fe2022.mahacet.org/CAP-III/CAPR-III_4188.pdf')"
148,"('149.', None)","('4190', None)","(""M.D. Yergude Memorial Shikshan Prasarak Mandal's Shri Sai College of Engineering & Technology, Badravati"", None)","('', 'https://fe2022.mahacet.org/CAP-I/CAPR-I_4190.pdf')","('', 'https://fe2022.mahacet.org/CAP-II/CAPR-II_4190.pdf')","('', 'https://fe2022.mahacet.org/CAP-III/CAPR-III_4190.pdf')"
149,"('150.', None)","('4192', None)","('Maitraya Education Society, Nagarjuna Institute of Engineering Technology & Management, Nagpur', None)","('', 'https://fe2022.mahacet.org/CAP-I/CAPR-I_4192.pdf')","('', 'https://fe2022.mahacet.org/CAP-II/CAPR-II_4192.pdf')","('', 'https://fe2022.mahacet.org/CAP-III/CAPR-III_4192.pdf')"
150,"('151.', None)","('4193', None)","('K.D.M. Education Society, Vidharbha Institute of Technology,Umred Road ,Nagpur', None)","('', 'https://fe2022.mahacet.org/CAP-I/CAPR-I_4193.pdf')","('', 'https://fe2022.mahacet.org/CAP-II/CAPR-II_4193.pdf')","('', 'https://fe2022.mahacet.org/CAP-III/CAPR-III_4193.pdf')"
151,"('152.', None)","('4196', None)","(""Gurunanak Educational Society's Gurunanak Institute of Technology, Nagpur"", None)","('', 'https://fe2022.mahacet.org/CAP-I/CAPR-I_4196.pdf')","('', 'https://fe2022.mahacet.org/CAP-II/CAPR-II_4196.pdf')","('', 'https://fe2022.mahacet.org/CAP-III/CAPR-III_4196.pdf')"
152,"('153.', None)","('4197', None)","('Jai Mahakali Shikshan Sanstha, Agnihotri College of Engineering, Sindhi(Meghe)', None)","('', 'https://fe2022.mahacet.org/CAP-I/CAPR-I_4197.pdf')","('', 'https://fe2022.mahacet.org/CAP-II/CAPR-II_4197.pdf')","('', 'https://fe2022.mahacet.org/CAP-III/CAPR-III_4197.pdf')"
153,"('154.', None)","('4285', None)","('V M Institute of Engineering and Technology, Dongargaon, Nagpur', None)","('', 'https://fe2022.mahacet.org/CAP-I/CAPR-I_4285.pdf')","('', 'https://fe2022.mahacet.org/CAP-II/CAPR-II_4285.pdf')","('', 'https://fe2022.mahacet.org/CAP-III/CAPR-III_4285.pdf')"
154,"('155.', None)","('4302', None)","(""Gondia Education Society's Manoharbhai Patel Institute Of Engineering & Technology, Shahapur, Bhandara"", None)","('', 'https://fe2022.mahacet.org/CAP-I/CAPR-I_4302.pdf')","('', 'https://fe2022.mahacet.org/CAP-II/CAPR-II_4302.pdf')","('', 'https://fe2022.mahacet.org/CAP-III/CAPR-III_4302.pdf')"
155,"('156.', None)","('4304', None)","('Cummins College of Engineering For Women, Sukhali (Gupchup), Tal. Hingna Hingna Nagpur', None)","('', 'https://fe2022.mahacet.org/CAP-I/CAPR-I_4304.pdf')","('', 'https://fe2022.mahacet.org/CAP-II/CAPR-II_4304.pdf')","('', 'https://fe2022.mahacet.org/CAP-III/CAPR-III_4304.pdf')"
156,"('157.', None)","('4613', None)","('Suryodaya College of Engineering & Technology, Nagpur', None)","('', 'https://fe2022.mahacet.org/CAP-I/CAPR-I_4613.pdf')","('', 'https://fe2022.mahacet.org/CAP-II/CAPR-II_4613.pdf')","('', 'https://fe2022.mahacet.org/CAP-III/CAPR-III_4613.pdf')"
157,"('158.', None)","('4648', None)","('R.V. Parankar College of Engineering & Technology, Arvi, Dist Wardha', None)","('', 'https://fe2022.mahacet.org/CAP-I/CAPR-I_4648.pdf')","('', 'https://fe2022.mahacet.org/CAP-II/CAPR-II_4648.pdf')","('', 'https://fe2022.mahacet.org/CAP-III/CAPR-III_4648.pdf')"
158,"('159.', None)","('4649', None)","('Bajaj Institute of Technology, Wardha', None)","('', 'https://fe2022.mahacet.org/CAP-I/CAPR-I_4649.pdf')","('', 'https://fe2022.mahacet.org/CAP-II/CAPR-II_4649.pdf')","('', 'https://fe2022.mahacet.org/CAP-III/CAPR-III_4649.pdf')"
159,"('160.', None)","('5003', None)","('University Institute of Chemical Technology, North Maharashtra University, Jalgaon', None)","('', 'https://fe2022.mahacet.org/CAP-I/CAPR-I_5003.pdf')","('', 'https://fe2022.mahacet.org/CAP-II/CAPR-II_5003.pdf')","('', 'https://fe2022.mahacet.org/CAP-III/CAPR-III_5003.pdf')"
160,"('161.', None)","('5004', None)","('Government College of Engineering, Jalgaon', None)","('', 'https://fe2022.mahacet.org/CAP-I/CAPR-I_5004.pdf')","('', 'https://fe2022.mahacet.org/CAP-II/CAPR-II_5004.pdf')","('', 'https://fe2022.mahacet.org/CAP-III/CAPR-III_5004.pdf')"
161,"('162.', None)","('5103', None)","(""Shri Shivaji Vidya Prasarak Sanstha's Late Bapusaheb Shivaji Rao Deore College of Engineering,Dhule"", None)","('', 'https://fe2022.mahacet.org/CAP-I/CAPR-I_5103.pdf')","('', 'https://fe2022.mahacet.org/CAP-II/CAPR-II_5103.pdf')","('', 'https://fe2022.mahacet.org/CAP-III/CAPR-III_5103.pdf')"
162,"('163.', None)","('5104', None)","('Shramsadhana Bombay Trust, College of Engineering & Technology, Jalgaon', None)","('', 'https://fe2022.mahacet.org/CAP-I/CAPR-I_5104.pdf')","('', 'https://fe2022.mahacet.org/CAP-II/CAPR-II_5104.pdf')","('', 'https://fe2022.mahacet.org/CAP-III/CAPR-III_5104.pdf')"
163,"('164.', None)","('5106', None)","(""Khandesh College Education Society's College Of Engineering And Management, Jalgaon"", None)","('', 'https://fe2022.mahacet.org/CAP-I/CAPR-I_5106.pdf')","('', 'https://fe2022.mahacet.org/CAP-II/CAPR-II_5106.pdf')","('', 'https://fe2022.mahacet.org/CAP-III/CAPR-III_5106.pdf')"
164,"('165.', None)","('5108', None)","(""Maratha Vidya Prasarak Samaj's Karmaveer Adv. Baburao Ganpatrao Thakare College Of Engineering, Nashik"", None)","('', 'https://fe2022.mahacet.org/CAP-I/CAPR-I_5108.pdf')","('', 'https://fe2022.mahacet.org/CAP-II/CAPR-II_5108.pdf')","('', 'https://fe2022.mahacet.org/CAP-III/CAPR-III_5108.pdf')"
165,"('166.', None)","('5109', None)","('Sandip Foundation, Sandip Institute of Technology and Research Centre, Mahiravani, Nashik', None)","('', 'https://fe2022.mahacet.org/CAP-I/CAPR-I_5109.pdf')","('', 'https://fe2022.mahacet.org/CAP-II/CAPR-II_5109.pdf')","('', 'https://fe2022.mahacet.org/CAP-III/CAPR-III_5109.pdf')"
166,"('167.', None)","('5121', None)","('K. K. Wagh Institute of Engineering Education and Research, Nashik', None)","('', 'https://fe2022.mahacet.org/CAP-I/CAPR-I_5121.pdf')","('', 'https://fe2022.mahacet.org/CAP-II/CAPR-II_5121.pdf')","('', 'https://fe2022.mahacet.org/CAP-III/CAPR-III_5121.pdf')"
167,"('168.', None)","('5124', None)","(""Jagadamba Education Soc. Nashik's S.N.D. College of Engineering & Reserch, Babulgaon"", None)","('', 'https://fe2022.mahacet.org/CAP-I/CAPR-I_5124.pdf')","('', 'https://fe2022.mahacet.org/CAP-II/CAPR-II_5124.pdf')","('', 'https://fe2022.mahacet.org/CAP-III/CAPR-III_5124.pdf')"
168,"('169.', None)","('5125', None)","(""Pravara Rural Education Society's Sir Visvesvaraya Institute of Technology, Chincholi Dist. Nashik"", None)","('', 'https://fe2022.mahacet.org/CAP-I/CAPR-I_5125.pdf')","('', 'https://fe2022.mahacet.org/CAP-II/CAPR-II_5125.pdf')","('', 'https://fe2022.mahacet.org/CAP-III/CAPR-III_5125.pdf')"
169,"('170.', None)","('5130', None)","('Brahma Valley College of Engineering & Research, Trimbakeshwar, Nashik', None)","('', 'https://fe2022.mahacet.org/CAP-I/CAPR-I_5130.pdf')","('', 'https://fe2022.mahacet.org/CAP-II/CAPR-II_5130.pdf')","('', 'https://fe2022.mahacet.org/CAP-III/CAPR-III_5130.pdf')"
170,"('171.', None)","('5139', None)","('Pravara Rural College of Engineering, Loni, Pravaranagar, Ahmednagar.', None)","('', 'https://fe2022.mahacet.org/CAP-I/CAPR-I_5139.pdf')","('', 'https://fe2022.mahacet.org/CAP-II/CAPR-II_5139.pdf')","('', 'https://fe2022.mahacet.org/CAP-III/CAPR-III_5139.pdf')"
171,"('172.', None)","('5151', None)","(""MET Bhujbal Knowledge City MET League's Engineering College, Adgaon, Nashik."", None)","('', 'https://fe2022.mahacet.org/CAP-I/CAPR-I_5151.pdf')","('', 'https://fe2022.mahacet.org/CAP-II/CAPR-II_5151.pdf')","('', 'https://fe2022.mahacet.org/CAP-III/CAPR-III_5151.pdf')"
172,"('173.', None)","('5152', None)","('G H Raisoni Institute of Engineering and Business Management, Jalgaon', None)","('', 'https://fe2022.mahacet.org/CAP-I/CAPR-I_5152.pdf')","('', 'https://fe2022.mahacet.org/CAP-II/CAPR-II_5152.pdf')","('', 'https://fe2022.mahacet.org/CAP-III/CAPR-III_5152.pdf')"
173,"('174.', None)","('5160', None)","(""Sanjivani Rural Education Society's Sanjivani College of Engineering, Kopargaon"", None)","('', 'https://fe2022.mahacet.org/CAP-I/CAPR-I_5160.pdf')","('', 'https://fe2022.mahacet.org/CAP-II/CAPR-II_5160.pdf')","('', 'https://fe2022.mahacet.org/CAP-III/CAPR-III_5160.pdf')"
174,"('175.', None)","('5161', None)","('Dr. Vithalrao Vikhe Patil College of Engineering, Ahmednagar', None)","('', 'https://fe2022.mahacet.org/CAP-I/CAPR-I_5161.pdf')","('', 'https://fe2022.mahacet.org/CAP-II/CAPR-II_5161.pdf')","('', 'https://fe2022.mahacet.org/CAP-III/CAPR-III_5161.pdf')"
175,"('176.', None)","('5162', None)","(""Amrutvahini Sheti & Shikshan Vikas Sanstha's Amrutvahini College of Engineering, Sangamner"", None)","('', 'https://fe2022.mahacet.org/CAP-I/CAPR-I_5162.pdf')","('', 'https://fe2022.mahacet.org/CAP-II/CAPR-II_5162.pdf')","('', 'https://fe2022.mahacet.org/CAP-III/CAPR-III_5162.pdf')"
176,"('177.', None)","('5164', None)","(""P.S.G.V.P. Mandal's D.N. Patel College of Engineering, Shahada, Dist. Nandurbar"", None)","('', 'https://fe2022.mahacet.org/CAP-I/CAPR-I_5164.pdf')","('', 'https://fe2022.mahacet.org/CAP-II/CAPR-II_5164.pdf')","('', 'https://fe2022.mahacet.org/CAP-III/CAPR-III_5164.pdf')"
177,"('178.', None)","('5168', None)","(""T.M.E. Society's J.T.Mahajan College of Engineering, Faizpur"", None)","('', 'https://fe2022.mahacet.org/CAP-I/CAPR-I_5168.pdf')","('', 'https://fe2022.mahacet.org/CAP-II/CAPR-II_5168.pdf')","('', 'https://fe2022.mahacet.org/CAP-III/CAPR-III_5168.pdf')"
178,"('179.', None)","('5169', None)","(""Nagaon Education Society's Gangamai College of Engineering, Nagaon, Tal Dist Dhule"", None)","('', 'https://fe2022.mahacet.org/CAP-I/CAPR-I_5169.pdf')","('', 'https://fe2022.mahacet.org/CAP-II/CAPR-II_5169.pdf')","('', 'https://fe2022.mahacet.org/CAP-III/CAPR-III_5169.pdf')"
179,"('180.', None)","('5170', None)","(""Hindi Seva Mandal's Shri Sant Gadgebaba College of Engineering & Technology, Bhusawal"", None)","('', 'https://fe2022.mahacet.org/CAP-I/CAPR-I_5170.pdf')","('', 'https://fe2022.mahacet.org/CAP-II/CAPR-II_5170.pdf')","('', 'https://fe2022.mahacet.org/CAP-III/CAPR-III_5170.pdf')"
180,"('181.', None)","('5171', None)","(""Godavari Foundation's Godavari College Of Engineering, Jalgaon"", None)","('', 'https://fe2022.mahacet.org/CAP-I/CAPR-I_5171.pdf')","('', 'https://fe2022.mahacet.org/CAP-II/CAPR-II_5171.pdf')","('', 'https://fe2022.mahacet.org/CAP-III/CAPR-III_5171.pdf')"
181,"('182.', None)","('5172', None)","('R. C. Patel Institute of Technology, Shirpur', None)","('', 'https://fe2022.mahacet.org/CAP-I/CAPR-I_5172.pdf')","('', 'https://fe2022.mahacet.org/CAP-II/CAPR-II_5172.pdf')","('', 'https://fe2022.mahacet.org/CAP-III/CAPR-III_5172.pdf')"
182,"('183.', None)","('5173', None)","(""SNJB's Late Sau. Kantabai Bhavarlalji Jain College of Engineering, (Jain Gurukul), Neminagar,Chandwad,(Nashik)"", None)","('', 'https://fe2022.mahacet.org/CAP-I/CAPR-I_5173.pdf')","('', 'https://fe2022.mahacet.org/CAP-II/CAPR-II_5173.pdf')","('', 'https://fe2022.mahacet.org/CAP-III/CAPR-III_5173.pdf')"
183,"('184.', None)","('5177', None)","('Matoshri College of Engineering and Research Centre, Eklahare, Nashik', None)","('', 'https://fe2022.mahacet.org/CAP-I/CAPR-I_5177.pdf')","('', 'https://fe2022.mahacet.org/CAP-II/CAPR-II_5177.pdf')","('', 'https://fe2022.mahacet.org/CAP-III/CAPR-III_5177.pdf')"
184,"('185.', None)","('5179', None)","(""Vishwabharati Academy's College of Engineering, Ahmednagar"", None)","('', 'https://fe2022.mahacet.org/CAP-I/CAPR-I_5179.pdf')","('', 'https://fe2022.mahacet.org/CAP-II/CAPR-II_5179.pdf')","('', 'https://fe2022.mahacet.org/CAP-III/CAPR-III_5179.pdf')"
185,"('186.', None)","('5181', None)","(""Gokhale Education Society's, R.H. Sapat College of Engineering, Management Studies and Research, Nashik"", None)","('', 'https://fe2022.mahacet.org/CAP-I/CAPR-I_5181.pdf')","('', 'https://fe2022.mahacet.org/CAP-II/CAPR-II_5181.pdf')","('', 'https://fe2022.mahacet.org/CAP-III/CAPR-III_5181.pdf')"
186,"('187.', None)","('5182', None)","('Kalyani Charitable Trust, Late Gambhirrao Natuba Sapkal College of Engineering, Anjaneri, Trimbakeshwar Road, Nashik', None)","('', 'https://fe2022.mahacet.org/CAP-I/CAPR-I_5182.pdf')","('', 'https://fe2022.mahacet.org/CAP-II/CAPR-II_5182.pdf')","('', 'https://fe2022.mahacet.org/CAP-III/CAPR-III_5182.pdf')"
187,"('188.', None)","('5184', None)","(""Amruta Vaishnavi Education & Welfare Trust's Shatabdi Institute of Engineering & Research, Agaskhind Tal. Sinnar"", None)","('', 'https://fe2022.mahacet.org/CAP-I/CAPR-I_5184.pdf')","('', 'https://fe2022.mahacet.org/CAP-II/CAPR-II_5184.pdf')","('', 'https://fe2022.mahacet.org/CAP-III/CAPR-III_5184.pdf')"
188,"('189.', None)","('5244', None)","(""MET's Institute of Technology Polytechnic, Bhujbal Knowledge City, Adgaon Nashik"", None)","('', 'https://fe2022.mahacet.org/CAP-I/CAPR-I_5244.pdf')","('', 'https://fe2022.mahacet.org/CAP-II/CAPR-II_5244.pdf')","('', 'https://fe2022.mahacet.org/CAP-III/CAPR-III_5244.pdf')"
189,"('190.', None)","('5303', None)","('Hon. Shri. Babanrao Pachpute Vichardhara Trust, Group of Institutions (Integrated Campus)-Parikrama, Kashti Shrigondha,', None)","('', 'https://fe2022.mahacet.org/CAP-I/CAPR-I_5303.pdf')","('', 'https://fe2022.mahacet.org/CAP-II/CAPR-II_5303.pdf')","('', 'https://fe2022.mahacet.org/CAP-III/CAPR-III_5303.pdf')"
190,"('191.', None)","('5322', None)","('Jamia Institute Of Engineering And Management Studies, Akkalkuwa', None)","('', 'https://fe2022.mahacet.org/CAP-I/CAPR-I_5322.pdf')","('', 'https://fe2022.mahacet.org/CAP-II/CAPR-II_5322.pdf')","('', 'https://fe2022.mahacet.org/CAP-III/CAPR-III_5322.pdf')"
191,"('192.', None)","('5330', None)","('PUNE VIDYARTHI GRIHAS COLLEGE OF ENGINEERING & SHRIKRUSHNA S. DHAMANKAR INSTITUTE OF MANAGEMENT, NASHIK', None)","('', 'https://fe2022.mahacet.org/CAP-I/CAPR-I_5330.pdf')","('', 'https://fe2022.mahacet.org/CAP-II/CAPR-II_5330.pdf')","('', 'https://fe2022.mahacet.org/CAP-III/CAPR-III_5330.pdf')"
192,"('193.', None)","('5331', None)","(""Sandip Foundation's, Sandip Institute of Engineering & Management, Nashik"", None)","('', 'https://fe2022.mahacet.org/CAP-I/CAPR-I_5331.pdf')","('', 'https://fe2022.mahacet.org/CAP-II/CAPR-II_5331.pdf')","('', 'https://fe2022.mahacet.org/CAP-III/CAPR-III_5331.pdf')"
193,"('194.', None)","('5380', None)","(""Adsul's Technical Campus, Chas Dist. Ahmednagar"", None)","('', 'https://fe2022.mahacet.org/CAP-I/CAPR-I_5380.pdf')","('', 'https://fe2022.mahacet.org/CAP-II/CAPR-II_5380.pdf')","('', 'https://fe2022.mahacet.org/CAP-III/CAPR-III_5380.pdf')"
194,"('195.', None)","('5381', None)","('Shri. Jaykumar Rawal Institute of Technology, Dondaicha.', None)","('', 'https://fe2022.mahacet.org/CAP-I/CAPR-I_5381.pdf')","('', 'https://fe2022.mahacet.org/CAP-II/CAPR-II_5381.pdf')","('', 'https://fe2022.mahacet.org/CAP-III/CAPR-III_5381.pdf')"
195,"('196.', None)","('5382', None)","('Ahmednagar Jilha Maratha Vidya Prasarak Samajache, Shri. Chhatrapati Shivaji Maharaj College of Engineering, Nepti', None)","('', 'https://fe2022.mahacet.org/CAP-I/CAPR-I_5382.pdf')","('', 'https://fe2022.mahacet.org/CAP-II/CAPR-II_5382.pdf')","('', 'https://fe2022.mahacet.org/CAP-III/CAPR-III_5382.pdf')"
196,"('197.', None)","('5390', None)","(""K.V.N. Naik S. P. Sansth's Loknete Gopinathji Munde Institute of Engineering Education & Research, Nashik."", None)","('', 'https://fe2022.mahacet.org/CAP-I/CAPR-I_5390.pdf')","('', 'https://fe2022.mahacet.org/CAP-II/CAPR-II_5390.pdf')","('', 'https://fe2022.mahacet.org/CAP-III/CAPR-III_5390.pdf')"
197,"('198.', None)","('5396', None)","('College of Engineering and Technology ,North Maharashtra Knowledge City, Jalgaon', None)","('', 'https://fe2022.mahacet.org/CAP-I/CAPR-I_5396.pdf')","('', 'https://fe2022.mahacet.org/CAP-II/CAPR-II_5396.pdf')","('', 'https://fe2022.mahacet.org/CAP-III/CAPR-III_5396.pdf')"
198,"('199.', None)","('5399', None)","('Sanghavi College of Engineering, Varvandi, Nashik.', None)","('', 'https://fe2022.mahacet.org/CAP-I/CAPR-I_5399.pdf')","('', 'https://fe2022.mahacet.org/CAP-II/CAPR-II_5399.pdf')","('', 'https://fe2022.mahacet.org/CAP-III/CAPR-III_5399.pdf')"
199,"('200.', None)","('5401', None)","(""Jawahar Education Society's Institute of Technology, Management & Research, Nashik."", None)","('', 'https://fe2022.mahacet.org/CAP-I/CAPR-I_5401.pdf')","('', 'https://fe2022.mahacet.org/CAP-II/CAPR-II_5401.pdf')","('', 'https://fe2022.mahacet.org/CAP-III/CAPR-III_5401.pdf')"
200,"('201.', None)","('5408', None)","('Vidya Niketan College of Engineering, Bota Sangamner', None)","('', 'https://fe2022.mahacet.org/CAP-I/CAPR-I_5408.pdf')","('', 'https://fe2022.mahacet.org/CAP-II/CAPR-II_5408.pdf')","('', 'https://fe2022.mahacet.org/CAP-III/CAPR-III_5408.pdf')"
201,"('202.', None)","('5409', None)","('Rajiv Gandhi College of Engineering, At Post Karjule Hariya Tal.Parner, Dist.Ahmednagar', None)","('', 'https://fe2022.mahacet.org/CAP-I/CAPR-I_5409.pdf')","('', 'https://fe2022.mahacet.org/CAP-II/CAPR-II_5409.pdf')","('', 'https://fe2022.mahacet.org/CAP-III/CAPR-III_5409.pdf')"
202,"('203.', None)","('5411', None)","('Maulana Mukhtar Ahmad Nadvi Technical Campus, Malegaon.', None)","('', 'https://fe2022.mahacet.org/CAP-I/CAPR-I_5411.pdf')","('', 'https://fe2022.mahacet.org/CAP-II/CAPR-II_5411.pdf')","('', 'https://fe2022.mahacet.org/CAP-III/CAPR-III_5411.pdf')"
203,"('204.', None)","('5418', None)","('Guru Gobind Singh College of Engineering & Research Centre, Nashik.', None)","('', 'https://fe2022.mahacet.org/CAP-I/CAPR-I_5418.pdf')","('', 'https://fe2022.mahacet.org/CAP-II/CAPR-II_5418.pdf')","('', 'https://fe2022.mahacet.org/CAP-III/CAPR-III_5418.pdf')"
204,"('205.', None)","('5449', None)","(""Shri Vile Parle Kelavani Mandal's Institute of Technology, Dhule"", None)","('', 'https://fe2022.mahacet.org/CAP-I/CAPR-I_5449.pdf')","('', 'https://fe2022.mahacet.org/CAP-II/CAPR-II_5449.pdf')","('', 'https://fe2022.mahacet.org/CAP-III/CAPR-III_5449.pdf')"
205,"('206.', None)","('6004', None)","('Government College of Engineering & Research, Avasari Khurd', None)","('', 'https://fe2022.mahacet.org/CAP-I/CAPR-I_6004.pdf')","('', 'https://fe2022.mahacet.org/CAP-II/CAPR-II_6004.pdf')","('', 'https://fe2022.mahacet.org/CAP-III/CAPR-III_6004.pdf')"
206,"('207.', None)","('6005', None)","('Government College of Engineering, Karad', None)","('', 'https://fe2022.mahacet.org/CAP-I/CAPR-I_6005.pdf')","('', 'https://fe2022.mahacet.org/CAP-II/CAPR-II_6005.pdf')","('', 'https://fe2022.mahacet.org/CAP-III/CAPR-III_6005.pdf')"
207,"('208.', None)","('6006', None)","('COEP Technological University', None)","('', 'https://fe2022.mahacet.org/CAP-I/CAPR-I_6006.pdf')","('', 'https://fe2022.mahacet.org/CAP-II/CAPR-II_6006.pdf')","('', 'https://fe2022.mahacet.org/CAP-III/CAPR-III_6006.pdf')"
208,"('209.', None)","('6007', None)","('Walchand College of Engineering, Sangli', None)","('', 'https://fe2022.mahacet.org/CAP-I/CAPR-I_6007.pdf')","('', 'https://fe2022.mahacet.org/CAP-II/CAPR-II_6007.pdf')","('', 'https://fe2022.mahacet.org/CAP-III/CAPR-III_6007.pdf')"
209,"('210.', None)","('6028', None)","('Department of Technology, Shivaji University, Kolhapur', None)","('', 'https://fe2022.mahacet.org/CAP-I/CAPR-I_6028.pdf')","('', 'https://fe2022.mahacet.org/CAP-II/CAPR-II_6028.pdf')","('', 'https://fe2022.mahacet.org/CAP-III/CAPR-III_6028.pdf')"
210,"('211.', None)","('6122', None)","(""TSSMS's Pd. Vasantdada Patil Institute of Technology, Bavdhan, Pune"", None)","('', 'https://fe2022.mahacet.org/CAP-I/CAPR-I_6122.pdf')","('', 'https://fe2022.mahacet.org/CAP-II/CAPR-II_6122.pdf')","('', 'https://fe2022.mahacet.org/CAP-III/CAPR-III_6122.pdf')"
211,"('212.', None)","('6138', None)","('Genba Sopanrao Moze Trust Parvatibai Genba Moze College of Engineering,Wagholi, Pune', None)","('', 'https://fe2022.mahacet.org/CAP-I/CAPR-I_6138.pdf')","('', 'https://fe2022.mahacet.org/CAP-II/CAPR-II_6138.pdf')","('', 'https://fe2022.mahacet.org/CAP-III/CAPR-III_6138.pdf')"
212,"('213.', None)","('6139', None)","(""Progressive Education Society's Modern College of Engineering, Pune"", None)","('', 'https://fe2022.mahacet.org/CAP-I/CAPR-I_6139.pdf')","('', 'https://fe2022.mahacet.org/CAP-II/CAPR-II_6139.pdf')","('', 'https://fe2022.mahacet.org/CAP-III/CAPR-III_6139.pdf')"
213,"('214.', None)","('6141', None)","(""Jaywant Shikshan Prasarak Mandal's,Rajarshi Shahu College of Engineering, Tathawade, Pune"", None)","('', 'https://fe2022.mahacet.org/CAP-I/CAPR-I_6141.pdf')","('', 'https://fe2022.mahacet.org/CAP-II/CAPR-II_6141.pdf')","('', 'https://fe2022.mahacet.org/CAP-III/CAPR-III_6141.pdf')"
214,"('215.', None)","('6144', None)","('Genba Sopanrao Moze College of Engineering, Baner-Balewadi, Pune', None)","('', 'https://fe2022.mahacet.org/CAP-I/CAPR-I_6144.pdf')","('', 'https://fe2022.mahacet.org/CAP-II/CAPR-II_6144.pdf')","('', 'https://fe2022.mahacet.org/CAP-III/CAPR-III_6144.pdf')"
215,"('216.', None)","('6145', None)","(""JSPM'S Jaywantrao Sawant College of Engineering,Pune"", None)","('', 'https://fe2022.mahacet.org/CAP-I/CAPR-I_6145.pdf')","('', 'https://fe2022.mahacet.org/CAP-II/CAPR-II_6145.pdf')","('', 'https://fe2022.mahacet.org/CAP-III/CAPR-III_6145.pdf')"
216,"('217.', None)","('6146', None)","('MIT Academy of Engineering,Alandi, Pune', None)","('', 'https://fe2022.mahacet.org/CAP-I/CAPR-I_6146.pdf')","('', 'https://fe2022.mahacet.org/CAP-II/CAPR-II_6146.pdf')","('', 'https://fe2022.mahacet.org/CAP-III/CAPR-III_6146.pdf')"
217,"('218.', None)","('6149', None)","('Siddhant College of Engineering, A/p Sudumbare, Tal.Maval, Dist-Pune', None)","('', 'https://fe2022.mahacet.org/CAP-I/CAPR-I_6149.pdf')","('', 'https://fe2022.mahacet.org/CAP-II/CAPR-II_6149.pdf')","('', 'https://fe2022.mahacet.org/CAP-III/CAPR-III_6149.pdf')"
218,"('219.', None)","('6155', None)","('G.H.Raisoni College of Engineering & Management, Wagholi, Pune', None)","('', 'https://fe2022.mahacet.org/CAP-I/CAPR-I_6155.pdf')","('', 'https://fe2022.mahacet.org/CAP-II/CAPR-II_6155.pdf')","('', 'https://fe2022.mahacet.org/CAP-III/CAPR-III_6155.pdf')"
219,"('220.', None)","('6156', None)","(""Marathwada Mitra Mandal's College of Engineering, Karvenagar, Pune"", None)","('', 'https://fe2022.mahacet.org/CAP-I/CAPR-I_6156.pdf')","('', 'https://fe2022.mahacet.org/CAP-II/CAPR-II_6156.pdf')","('', 'https://fe2022.mahacet.org/CAP-III/CAPR-III_6156.pdf')"
220,"('221.', None)","('6160', None)","(""JSPM's Imperial College of Engineering and Research, Wagholi, Pune"", None)","('', 'https://fe2022.mahacet.org/CAP-I/CAPR-I_6160.pdf')","('', 'https://fe2022.mahacet.org/CAP-II/CAPR-II_6160.pdf')","('', 'https://fe2022.mahacet.org/CAP-III/CAPR-III_6160.pdf')"
221,"('222.', None)","('6175', None)","('Pimpri Chinchwad Education Trust, Pimpri Chinchwad College of Engineering, Pune', None)","('', 'https://fe2022.mahacet.org/CAP-I/CAPR-I_6175.pdf')","('', 'https://fe2022.mahacet.org/CAP-II/CAPR-II_6175.pdf')","('', 'https://fe2022.mahacet.org/CAP-III/CAPR-III_6175.pdf')"
222,"('223.', None)","('6177', None)","('Sinhgad College of Engineering, Vadgaon (BK), Pune', None)","('', 'https://fe2022.mahacet.org/CAP-I/CAPR-I_6177.pdf')","('', 'https://fe2022.mahacet.org/CAP-II/CAPR-II_6177.pdf')","('', 'https://fe2022.mahacet.org/CAP-III/CAPR-III_6177.pdf')"
223,"('224.', None)","('6178', None)","(""Sinhgad Technical Education Society's Smt. Kashibai Navale College of Engineering,Vadgaon,Pune"", None)","('', 'https://fe2022.mahacet.org/CAP-I/CAPR-I_6178.pdf')","('', 'https://fe2022.mahacet.org/CAP-II/CAPR-II_6178.pdf')","('', 'https://fe2022.mahacet.org/CAP-III/CAPR-III_6178.pdf')"
224,"('225.', None)","('6179', None)","('Indira College of Engineering & Management, Pune', None)","('', 'https://fe2022.mahacet.org/CAP-I/CAPR-I_6179.pdf')","('', 'https://fe2022.mahacet.org/CAP-II/CAPR-II_6179.pdf')","('', 'https://fe2022.mahacet.org/CAP-III/CAPR-III_6179.pdf')"
225,"('226.', None)","('6182', None)","('Sinhgad Technical Education Society, Sinhgad Institute of Technology and Science, Narhe (Ambegaon)', None)","('', 'https://fe2022.mahacet.org/CAP-I/CAPR-I_6182.pdf')","('', 'https://fe2022.mahacet.org/CAP-II/CAPR-II_6182.pdf')","('', 'https://fe2022.mahacet.org/CAP-III/CAPR-III_6182.pdf')"
226,"('227.', None)","('6183', None)","('Al-Ameen Educational and Medical Foundation, College of Engineering, Koregaon, Bhima', None)","('', 'https://fe2022.mahacet.org/CAP-I/CAPR-I_6183.pdf')","('', 'https://fe2022.mahacet.org/CAP-II/CAPR-II_6183.pdf')","('', 'https://fe2022.mahacet.org/CAP-III/CAPR-III_6183.pdf')"
227,"('228.', None)","('6184', None)","(""K. J.'s Educational Institut Trinity College of Engineering and Research, Pisoli, Haveli"", None)","('', 'https://fe2022.mahacet.org/CAP-I/CAPR-I_6184.pdf')","('', 'https://fe2022.mahacet.org/CAP-II/CAPR-II_6184.pdf')","('', 'https://fe2022.mahacet.org/CAP-III/CAPR-III_6184.pdf')"
228,"('229.', None)","('6185', None)","('Sinhagad Institute of Technology, Lonavala', None)","('', 'https://fe2022.mahacet.org/CAP-I/CAPR-I_6185.pdf')","('', 'https://fe2022.mahacet.org/CAP-II/CAPR-II_6185.pdf')","('', 'https://fe2022.mahacet.org/CAP-III/CAPR-III_6185.pdf')"
229,"('230.', None)","('6187', None)","('Sinhgad Academy of Engineering, Kondhwa (BK) Kondhwa-Saswad Road, Pune', None)","('', 'https://fe2022.mahacet.org/CAP-I/CAPR-I_6187.pdf')","('', 'https://fe2022.mahacet.org/CAP-II/CAPR-II_6187.pdf')","('', 'https://fe2022.mahacet.org/CAP-III/CAPR-III_6187.pdf')"
230,"('231.', None)","('6203', None)","(""Marathwada Mitra Mandal's Institute of Technology, Lohgaon, Pune"", None)","('', 'https://fe2022.mahacet.org/CAP-I/CAPR-I_6203.pdf')","('', 'https://fe2022.mahacet.org/CAP-II/CAPR-II_6203.pdf')","('', 'https://fe2022.mahacet.org/CAP-III/CAPR-III_6203.pdf')"
231,"('232.', None)","('6206', None)","(""Pune District Education Association's College of Engineering, Pune"", None)","('', 'https://fe2022.mahacet.org/CAP-I/CAPR-I_6206.pdf')","('', 'https://fe2022.mahacet.org/CAP-II/CAPR-II_6206.pdf')","('', 'https://fe2022.mahacet.org/CAP-III/CAPR-III_6206.pdf')"
232,"('233.', None)","('6207', None)","(""Dr. D. Y. Patil Unitech Society's Dr. D. Y. Patil Institute of Technology, Pimpri, Pune"", None)","('', 'https://fe2022.mahacet.org/CAP-I/CAPR-I_6207.pdf')","('', 'https://fe2022.mahacet.org/CAP-II/CAPR-II_6207.pdf')","('', 'https://fe2022.mahacet.org/CAP-III/CAPR-III_6207.pdf')"
233,"('234.', None)","('6214', None)","(""K. E. Society's Rajarambapu Institute of Technology, Walwa, Sangli"", None)","('', 'https://fe2022.mahacet.org/CAP-I/CAPR-I_6214.pdf')","('', 'https://fe2022.mahacet.org/CAP-II/CAPR-II_6214.pdf')","('', 'https://fe2022.mahacet.org/CAP-III/CAPR-III_6214.pdf')"
234,"('235.', None)","('6217', None)","(""Shri. Balasaheb Mane Shikshan Prasarak Mandal's, Ashokrao Mane Group of Institutions"", None)","('', 'https://fe2022.mahacet.org/CAP-I/CAPR-I_6217.pdf')","('', 'https://fe2022.mahacet.org/CAP-II/CAPR-II_6217.pdf')","('', 'https://fe2022.mahacet.org/CAP-III/CAPR-III_6217.pdf')"
235,"('236.', None)","('6219', None)","(""KSGBS's Bharat- Ratna Indira Gandhi College of Engineering, Kegaon, Solapur"", None)","('', 'https://fe2022.mahacet.org/CAP-I/CAPR-I_6219.pdf')","('', 'https://fe2022.mahacet.org/CAP-II/CAPR-II_6219.pdf')","('', 'https://fe2022.mahacet.org/CAP-III/CAPR-III_6219.pdf')"
236,"('237.', None)","('6220', None)","(""Shri Vithal Education and Research Institute's College of Engineering, Pandharpur"", None)","('', 'https://fe2022.mahacet.org/CAP-I/CAPR-I_6220.pdf')","('', 'https://fe2022.mahacet.org/CAP-II/CAPR-II_6220.pdf')","('', 'https://fe2022.mahacet.org/CAP-III/CAPR-III_6220.pdf')"
237,"('238.', None)","('6222', None)","(""Dattajirao Kadam Technical Education Society's Textile & Engineering Institute, Ichalkaranji."", None)","('', 'https://fe2022.mahacet.org/CAP-I/CAPR-I_6222.pdf')","('', 'https://fe2022.mahacet.org/CAP-II/CAPR-II_6222.pdf')","('', 'https://fe2022.mahacet.org/CAP-III/CAPR-III_6222.pdf')"
238,"('239.', None)","('6223', None)","(""Pradnya Niketan Education Society's Nagesh Karajagi Orchid College of Engineering & Technology, Solapur"", None)","('', 'https://fe2022.mahacet.org/CAP-I/CAPR-I_6223.pdf')","('', 'https://fe2022.mahacet.org/CAP-II/CAPR-II_6223.pdf')","('', 'https://fe2022.mahacet.org/CAP-III/CAPR-III_6223.pdf')"
239,"('240.', None)","('6250', None)","('D.Y. Patil College of Engineering and Technology, Kolhapur', None)","('', 'https://fe2022.mahacet.org/CAP-I/CAPR-I_6250.pdf')","('', 'https://fe2022.mahacet.org/CAP-II/CAPR-II_6250.pdf')","('', 'https://fe2022.mahacet.org/CAP-III/CAPR-III_6250.pdf')"
240,"('241.', None)","('6265', None)","('Walchand Institute of Technology, Solapur', None)","('', 'https://fe2022.mahacet.org/CAP-I/CAPR-I_6265.pdf')","('', 'https://fe2022.mahacet.org/CAP-II/CAPR-II_6265.pdf')","('', 'https://fe2022.mahacet.org/CAP-III/CAPR-III_6265.pdf')"
241,"('242.', None)","('6267', None)","(""Kolhapur Institute of Technology's College of Engineering(Autonomous), Kolhapur"", None)","('', 'https://fe2022.mahacet.org/CAP-I/CAPR-I_6267.pdf')","('', 'https://fe2022.mahacet.org/CAP-II/CAPR-II_6267.pdf')","('', 'https://fe2022.mahacet.org/CAP-III/CAPR-III_6267.pdf')"
242,"('243.', None)","('6268', None)","('Tatyasaheb Kore Institute of Engineering and Technology, Warananagar', None)","('', 'https://fe2022.mahacet.org/CAP-I/CAPR-I_6268.pdf')","('', 'https://fe2022.mahacet.org/CAP-II/CAPR-II_6268.pdf')","('', 'https://fe2022.mahacet.org/CAP-III/CAPR-III_6268.pdf')"
243,"('244.', None)","('6269', None)","(""Shetkari Shikshan Mandal's Pad. Vasantraodada Patil Institute of Technology, Budhgaon, Sangli"", None)","('', 'https://fe2022.mahacet.org/CAP-I/CAPR-I_6269.pdf')","('', 'https://fe2022.mahacet.org/CAP-II/CAPR-II_6269.pdf')","('', 'https://fe2022.mahacet.org/CAP-III/CAPR-III_6269.pdf')"
244,"('245.', None)","('6270', None)","(""Rayat Shikshan Sanstha's Karmaveer Bhaurao Patil College of Engineering, Satara"", None)","('', 'https://fe2022.mahacet.org/CAP-I/CAPR-I_6270.pdf')","('', 'https://fe2022.mahacet.org/CAP-II/CAPR-II_6270.pdf')","('', 'https://fe2022.mahacet.org/CAP-III/CAPR-III_6270.pdf')"
245,"('246.', None)","('6271', None)","('Pune Institute of Computer Technology, Dhankavdi, Pune', None)","('', 'https://fe2022.mahacet.org/CAP-I/CAPR-I_6271.pdf')","('', 'https://fe2022.mahacet.org/CAP-II/CAPR-II_6271.pdf')","('', 'https://fe2022.mahacet.org/CAP-III/CAPR-III_6271.pdf')"
246,"('247.', None)","('6272', None)","(""Dr. D. Y. Patil Pratishthan's D.Y.Patil College of Engineering Akurdi, Pune"", None)","('', 'https://fe2022.mahacet.org/CAP-I/CAPR-I_6272.pdf')","('', 'https://fe2022.mahacet.org/CAP-II/CAPR-II_6272.pdf')","('', 'https://fe2022.mahacet.org/CAP-III/CAPR-III_6272.pdf')"
247,"('248.', None)","('6273', None)","(""Bansilal Ramnath Agarawal Charitable Trust's Vishwakarma Institute of Technology, Bibwewadi, Pune"", None)","('', 'https://fe2022.mahacet.org/CAP-I/CAPR-I_6273.pdf')","('', 'https://fe2022.mahacet.org/CAP-II/CAPR-II_6273.pdf')","('', 'https://fe2022.mahacet.org/CAP-III/CAPR-III_6273.pdf')"
248,"('249.', None)","('6274', None)","(""Pune Vidyarthi Griha's College of Engineering and Technology and G K Pate(Wani) Institute of Management, Pune"", None)","('', 'https://fe2022.mahacet.org/CAP-I/CAPR-I_6274.pdf')","('', 'https://fe2022.mahacet.org/CAP-II/CAPR-II_6274.pdf')","('', 'https://fe2022.mahacet.org/CAP-III/CAPR-III_6274.pdf')"
249,"('250.', None)","('6275', None)","(""Shivnagar Vidya Prasarak Mandal's College of Engineering, Malegaon-Baramati"", None)","('', 'https://fe2022.mahacet.org/CAP-I/CAPR-I_6275.pdf')","('', 'https://fe2022.mahacet.org/CAP-II/CAPR-II_6275.pdf')","('', 'https://fe2022.mahacet.org/CAP-III/CAPR-III_6275.pdf')"
250,"('251.', None)","('6276', None)","(""MKSSS's Cummins College of Engineering for Women, Karvenagar,Pune"", None)","('', 'https://fe2022.mahacet.org/CAP-I/CAPR-I_6276.pdf')","('', 'https://fe2022.mahacet.org/CAP-II/CAPR-II_6276.pdf')","('', 'https://fe2022.mahacet.org/CAP-III/CAPR-III_6276.pdf')"
251,"('252.', None)","('6277', None)","(""Dr. J. J. Magdum Charitable Trust's Dr. J.J. Magdum College of Engineering, Jaysingpur"", None)","('', 'https://fe2022.mahacet.org/CAP-I/CAPR-I_6277.pdf')","('', 'https://fe2022.mahacet.org/CAP-II/CAPR-II_6277.pdf')","('', 'https://fe2022.mahacet.org/CAP-III/CAPR-III_6277.pdf')"
252,"('253.', None)","('6278', None)","(""All India Shri Shivaji Memorial Society's College of Engineering, Pune"", None)","('', 'https://fe2022.mahacet.org/CAP-I/CAPR-I_6278.pdf')","('', 'https://fe2022.mahacet.org/CAP-II/CAPR-II_6278.pdf')","('', 'https://fe2022.mahacet.org/CAP-III/CAPR-III_6278.pdf')"
253,"('254.', None)","('6281', None)","(""Modern Education Society's College of Engineering, Pune"", None)","('', 'https://fe2022.mahacet.org/CAP-I/CAPR-I_6281.pdf')","('', 'https://fe2022.mahacet.org/CAP-II/CAPR-II_6281.pdf')","('', 'https://fe2022.mahacet.org/CAP-III/CAPR-III_6281.pdf')"
254,"('255.', None)","('6282', None)","(""All India Shri Shivaji Memorial Society's Institute of Information Technology,Pune"", None)","('', 'https://fe2022.mahacet.org/CAP-I/CAPR-I_6282.pdf')","('', 'https://fe2022.mahacet.org/CAP-II/CAPR-II_6282.pdf')","('', 'https://fe2022.mahacet.org/CAP-III/CAPR-III_6282.pdf')"
255,"('256.', None)","('6283', None)","('Annasaheb Dange College of Engineering and Technology, Ashta, Sangli', None)","('', 'https://fe2022.mahacet.org/CAP-I/CAPR-I_6283.pdf')","('', 'https://fe2022.mahacet.org/CAP-II/CAPR-II_6283.pdf')","('', 'https://fe2022.mahacet.org/CAP-III/CAPR-III_6283.pdf')"
256,"('257.', None)","('6284', None)","(""Vidya Pratishthan's Kamalnayan Bajaj Institute of Engineering & Technology, Baramati Dist.Pune"", None)","('', 'https://fe2022.mahacet.org/CAP-I/CAPR-I_6284.pdf')","('', 'https://fe2022.mahacet.org/CAP-II/CAPR-II_6284.pdf')","('', 'https://fe2022.mahacet.org/CAP-III/CAPR-III_6284.pdf')"
257,"('258.', None)","('6285', None)","(""Bharati Vidyapeeth's College of Engineering for Women, Katraj, Dhankawadi, Pune"", None)","('', 'https://fe2022.mahacet.org/CAP-I/CAPR-I_6285.pdf')","('', 'https://fe2022.mahacet.org/CAP-II/CAPR-II_6285.pdf')","('', 'https://fe2022.mahacet.org/CAP-III/CAPR-III_6285.pdf')"
258,"('259.', None)","('6288', None)","(""Bharati Vidyapeeth's College of Engineering, Kolhapur"", None)","('', 'https://fe2022.mahacet.org/CAP-I/CAPR-I_6288.pdf')","('', 'https://fe2022.mahacet.org/CAP-II/CAPR-II_6288.pdf')","('', 'https://fe2022.mahacet.org/CAP-III/CAPR-III_6288.pdf')"
259,"('260.', None)","('6289', None)","(""B.R.A.C.T's Vishwakarma Institute of Information Technology, Kondhwa (Bk.), Pune"", None)","('', 'https://fe2022.mahacet.org/CAP-I/CAPR-I_6289.pdf')","('', 'https://fe2022.mahacet.org/CAP-II/CAPR-II_6289.pdf')","('', 'https://fe2022.mahacet.org/CAP-III/CAPR-III_6289.pdf')"
260,"('261.', None)","('6293', None)","(""Kai Amdar Bramhadevdada Mane Shikshan & Samajik Prathistan's Bramhadevdada Mane Institute of Technology, Solapur"", None)","('', 'https://fe2022.mahacet.org/CAP-I/CAPR-I_6293.pdf')","('', 'https://fe2022.mahacet.org/CAP-II/CAPR-II_6293.pdf')","('', 'https://fe2022.mahacet.org/CAP-III/CAPR-III_6293.pdf')"
261,"('262.', None)","('6298', None)","(""Zeal Education Society's Zeal College of Engineering & Reserch, Narhe, Pune"", None)","('', 'https://fe2022.mahacet.org/CAP-I/CAPR-I_6298.pdf')","('', 'https://fe2022.mahacet.org/CAP-II/CAPR-II_6298.pdf')","('', 'https://fe2022.mahacet.org/CAP-III/CAPR-III_6298.pdf')"
262,"('263.', None)","('6303', None)","(""Dr. Ashok Gujar Technical Institute's Dr. Daulatrao Aher College of Engineering, Karad"", None)","('', 'https://fe2022.mahacet.org/CAP-I/CAPR-I_6303.pdf')","('', 'https://fe2022.mahacet.org/CAP-II/CAPR-II_6303.pdf')","('', 'https://fe2022.mahacet.org/CAP-III/CAPR-III_6303.pdf')"
263,"('264.', None)","('6304', None)","(""Loknete Hanumantrao Charitable Trust's Adarsh Institute of Technology and Research Centre, Vita,Sangli"", None)","('', 'https://fe2022.mahacet.org/CAP-I/CAPR-I_6304.pdf')","('', 'https://fe2022.mahacet.org/CAP-II/CAPR-II_6304.pdf')","('', 'https://fe2022.mahacet.org/CAP-III/CAPR-III_6304.pdf')"
264,"('265.', None)","('6305', None)","(""S.D.N.C.R.E.S'S.Late Narayandas Bhawandas Chhabada Institute of Engineering & Technology, Satara"", None)","('', 'https://fe2022.mahacet.org/CAP-I/CAPR-I_6305.pdf')","('', 'https://fe2022.mahacet.org/CAP-II/CAPR-II_6305.pdf')","('', 'https://fe2022.mahacet.org/CAP-III/CAPR-III_6305.pdf')"
265,"('266.', None)","('6307', None)","('Dhole Patil Education Society, Dhole Patil College of Engineering, Wagholi, Tal. Haveli', None)","('', 'https://fe2022.mahacet.org/CAP-I/CAPR-I_6307.pdf')","('', 'https://fe2022.mahacet.org/CAP-II/CAPR-II_6307.pdf')","('', 'https://fe2022.mahacet.org/CAP-III/CAPR-III_6307.pdf')"
266,"('267.', None)","('6308', None)","('Shanti Education Society, A.G. Patil Institute of Technology, Soregaon, Solapur(North)', None)","('', 'https://fe2022.mahacet.org/CAP-I/CAPR-I_6308.pdf')","('', 'https://fe2022.mahacet.org/CAP-II/CAPR-II_6308.pdf')","('', 'https://fe2022.mahacet.org/CAP-III/CAPR-III_6308.pdf')"
267,"('268.', None)","('6310', None)","('Nutan Maharashtra Vidya Prasarak Mandal, Nutan Maharashtra Institute of Engineering &Technology, Talegaon station, Pune', None)","('', 'https://fe2022.mahacet.org/CAP-I/CAPR-I_6310.pdf')","('', 'https://fe2022.mahacet.org/CAP-II/CAPR-II_6310.pdf')","('', 'https://fe2022.mahacet.org/CAP-III/CAPR-III_6310.pdf')"
268,"('269.', None)","('6311', None)","('Jayawant Shikshan Prasarak Mandal, Bhivarabai Sawant Institute of Technology & Research, Wagholi', None)","('', 'https://fe2022.mahacet.org/CAP-I/CAPR-I_6311.pdf')","('', 'https://fe2022.mahacet.org/CAP-II/CAPR-II_6311.pdf')","('', 'https://fe2022.mahacet.org/CAP-III/CAPR-III_6311.pdf')"
269,"('270.', None)","('6313', None)","('Jaywant College of Engineering & Polytechnic , Kille Macchindragad Tal. Walva District- Sangali', None)","('', 'https://fe2022.mahacet.org/CAP-I/CAPR-I_6313.pdf')","('', 'https://fe2022.mahacet.org/CAP-II/CAPR-II_6313.pdf')","('', 'https://fe2022.mahacet.org/CAP-III/CAPR-III_6313.pdf')"
270,"('271.', None)","('6315', None)","(""Holy-Wood Academy's Sanjeevan Engineering and Technology Institute, Panhala"", None)","('', 'https://fe2022.mahacet.org/CAP-I/CAPR-I_6315.pdf')","('', 'https://fe2022.mahacet.org/CAP-II/CAPR-II_6315.pdf')","('', 'https://fe2022.mahacet.org/CAP-III/CAPR-III_6315.pdf')"
271,"('272.', None)","('6317', None)","('Sharad Institute of Technology College of Engineering, Yadrav(Ichalkaranji)', None)","('', 'https://fe2022.mahacet.org/CAP-I/CAPR-I_6317.pdf')","('', 'https://fe2022.mahacet.org/CAP-II/CAPR-II_6317.pdf')","('', 'https://fe2022.mahacet.org/CAP-III/CAPR-III_6317.pdf')"
272,"('273.', None)","('6318', None)","(""Abhinav Education Society's College of Engineering and Technology (Degree), Wadwadi"", None)","('', 'https://fe2022.mahacet.org/CAP-I/CAPR-I_6318.pdf')","('', 'https://fe2022.mahacet.org/CAP-II/CAPR-II_6318.pdf')","('', 'https://fe2022.mahacet.org/CAP-III/CAPR-III_6318.pdf')"
273,"('274.', None)","('6319', None)","('Shahajirao Patil Vikas Pratishthan, S.B.Patil College of Engineering, Vangali, Tal. Indapur', None)","('', 'https://fe2022.mahacet.org/CAP-I/CAPR-I_6319.pdf')","('', 'https://fe2022.mahacet.org/CAP-II/CAPR-II_6319.pdf')","('', 'https://fe2022.mahacet.org/CAP-III/CAPR-III_6319.pdf')"
274,"('275.', None)","('6320', None)","(""K.J.'s Educational Institute's K.J.College of Engineering & Management Research, Pisoli"", None)","('', 'https://fe2022.mahacet.org/CAP-I/CAPR-I_6320.pdf')","('', 'https://fe2022.mahacet.org/CAP-II/CAPR-II_6320.pdf')","('', 'https://fe2022.mahacet.org/CAP-III/CAPR-III_6320.pdf')"
275,"('276.', None)","('6321', None)","('Vidya Vikas Pratishthan Institute of Engineering and Technology, Solapur', None)","('', 'https://fe2022.mahacet.org/CAP-I/CAPR-I_6321.pdf')","('', 'https://fe2022.mahacet.org/CAP-II/CAPR-II_6321.pdf')","('', 'https://fe2022.mahacet.org/CAP-III/CAPR-III_6321.pdf')"
276,"('277.', None)","('6322', None)","(""Shree Gajanan Maharaj Shikshan Prasarak Manda'l Sharadchandra Pawar College of Engineering, Dumbarwadi"", None)","('', 'https://fe2022.mahacet.org/CAP-I/CAPR-I_6322.pdf')","('', 'https://fe2022.mahacet.org/CAP-II/CAPR-II_6322.pdf')","('', 'https://fe2022.mahacet.org/CAP-III/CAPR-III_6322.pdf')"
277,"('278.', None)","('6324', None)","(""Rajgad Dnyanpeeth's Technical Campus,Dhangwadi, Bhor"", None)","('', 'https://fe2022.mahacet.org/CAP-I/CAPR-I_6324.pdf')","('', 'https://fe2022.mahacet.org/CAP-II/CAPR-II_6324.pdf')","('', 'https://fe2022.mahacet.org/CAP-III/CAPR-III_6324.pdf')"
278,"('279.', None)","('6325', None)","(""Alard Charitable Trust's Alard College of Engineering and Management, Pune"", None)","('', 'https://fe2022.mahacet.org/CAP-I/CAPR-I_6325.pdf')","('', 'https://fe2022.mahacet.org/CAP-II/CAPR-II_6325.pdf')","('', 'https://fe2022.mahacet.org/CAP-III/CAPR-III_6325.pdf')"
279,"('280.', None)","('6326', None)","('Karmayogi Institute of Technology', None)","('', 'https://fe2022.mahacet.org/CAP-I/CAPR-I_6326.pdf')","('', 'https://fe2022.mahacet.org/CAP-II/CAPR-II_6326.pdf')","('', 'https://fe2022.mahacet.org/CAP-III/CAPR-III_6326.pdf')"
280,"('281.', None)","('6419', None)","('Nutan College of Engineering and Research, Talegaon Dabhade Tal. Maval, Pune', None)","('', 'https://fe2022.mahacet.org/CAP-I/CAPR-I_6419.pdf')","('', 'https://fe2022.mahacet.org/CAP-II/CAPR-II_6419.pdf')","('', 'https://fe2022.mahacet.org/CAP-III/CAPR-III_6419.pdf')"
281,"('282.', None)","('6466', None)","('Shree Santkrupa Shikshan Sanstha, Shree Santkrupa Institute Of Engineering & Technology, Karad', None)","('', 'https://fe2022.mahacet.org/CAP-I/CAPR-I_6466.pdf')","('', 'https://fe2022.mahacet.org/CAP-II/CAPR-II_6466.pdf')","('', 'https://fe2022.mahacet.org/CAP-III/CAPR-III_6466.pdf')"
282,"('283.', None)","('6545', None)","(""Samarth Education Trust's Arvind Gavali College Of Engineering Panwalewadi, Varye,Satara."", None)","('', 'https://fe2022.mahacet.org/CAP-I/CAPR-I_6545.pdf')","('', 'https://fe2022.mahacet.org/CAP-II/CAPR-II_6545.pdf')","('', 'https://fe2022.mahacet.org/CAP-III/CAPR-III_6545.pdf')"
283,"('284.', None)","('6609', None)","('Jaihind College Of Engineering,Kuran', None)","('', 'https://fe2022.mahacet.org/CAP-I/CAPR-I_6609.pdf')","('', 'https://fe2022.mahacet.org/CAP-II/CAPR-II_6609.pdf')","('', 'https://fe2022.mahacet.org/CAP-III/CAPR-III_6609.pdf')"
284,"('285.', None)","('6622', None)","('ISBM College Of Engineering Pune', None)","('', 'https://fe2022.mahacet.org/CAP-I/CAPR-I_6622.pdf')","('', 'https://fe2022.mahacet.org/CAP-II/CAPR-II_6622.pdf')","('', 'https://fe2022.mahacet.org/CAP-III/CAPR-III_6622.pdf')"
285,"('286.', None)","('6625', None)","('Universal College of Engineering & Research, Sasewadi', None)","('', 'https://fe2022.mahacet.org/CAP-I/CAPR-I_6625.pdf')","('', 'https://fe2022.mahacet.org/CAP-II/CAPR-II_6625.pdf')","('', 'https://fe2022.mahacet.org/CAP-III/CAPR-III_6625.pdf')"
286,"('287.', None)","('6628', None)","('Dattakala Group Of Institutions, Swami - Chincholi Tal. Daund Dist. Pune', None)","('', 'https://fe2022.mahacet.org/CAP-I/CAPR-I_6628.pdf')","('', 'https://fe2022.mahacet.org/CAP-II/CAPR-II_6628.pdf')","('', 'https://fe2022.mahacet.org/CAP-III/CAPR-III_6628.pdf')"
287,"('288.', None)","('6632', None)","(""Navsahyadri Education Society's Group of Institutions"", None)","('', 'https://fe2022.mahacet.org/CAP-I/CAPR-I_6632.pdf')","('', 'https://fe2022.mahacet.org/CAP-II/CAPR-II_6632.pdf')","('', 'https://fe2022.mahacet.org/CAP-III/CAPR-III_6632.pdf')"
288,"('289.', None)","('6634', None)","(""KJEI's Trinity Academy of Engineering, Yewalewadi, Pune"", None)","('', 'https://fe2022.mahacet.org/CAP-I/CAPR-I_6634.pdf')","('', 'https://fe2022.mahacet.org/CAP-II/CAPR-II_6634.pdf')","('', 'https://fe2022.mahacet.org/CAP-III/CAPR-III_6634.pdf')"
289,"('290.', None)","('6635', None)","('Samarth Group of Institutions, Bangarwadi, Post Belhe Tal. Junnar Dist. Pune', None)","('', 'https://fe2022.mahacet.org/CAP-I/CAPR-I_6635.pdf')","('', 'https://fe2022.mahacet.org/CAP-II/CAPR-II_6635.pdf')","('', 'https://fe2022.mahacet.org/CAP-III/CAPR-III_6635.pdf')"
290,"('291.', None)","('6640', None)","('N. B. Navale Sinhgad College of Engineering, Kegaon, solapur', None)","('', 'https://fe2022.mahacet.org/CAP-I/CAPR-I_6640.pdf')","('', 'https://fe2022.mahacet.org/CAP-II/CAPR-II_6640.pdf')","('', 'https://fe2022.mahacet.org/CAP-III/CAPR-III_6640.pdf')"
291,"('292.', None)","('6643', None)","('S K N Sinhgad College of Engineering, Korti Tal. Pandharpur Dist Solapur', None)","('', 'https://fe2022.mahacet.org/CAP-I/CAPR-I_6643.pdf')","('', 'https://fe2022.mahacet.org/CAP-II/CAPR-II_6643.pdf')","('', 'https://fe2022.mahacet.org/CAP-III/CAPR-III_6643.pdf')"
292,"('293.', None)","('6644', None)","(""Shri. Ambabai Talim Sanstha's Sanjay Bhokare Group of Institutes, Miraj"", None)","('', 'https://fe2022.mahacet.org/CAP-I/CAPR-I_6644.pdf')","('', 'https://fe2022.mahacet.org/CAP-II/CAPR-II_6644.pdf')","('', 'https://fe2022.mahacet.org/CAP-III/CAPR-III_6644.pdf')"
293,"('294.', None)","('6649', None)","(""TSSM's Bhivarabai Sawant College of Engineering and Research, Narhe, Pune"", None)","('', 'https://fe2022.mahacet.org/CAP-I/CAPR-I_6649.pdf')","('', 'https://fe2022.mahacet.org/CAP-II/CAPR-II_6649.pdf')","('', 'https://fe2022.mahacet.org/CAP-III/CAPR-III_6649.pdf')"
294,"('295.', None)","('6732', None)","('Ajeenkya DY Patil School of Engineering, Lohegaon, Pune', None)","('', 'https://fe2022.mahacet.org/CAP-I/CAPR-I_6732.pdf')","('', 'https://fe2022.mahacet.org/CAP-II/CAPR-II_6732.pdf')","('', 'https://fe2022.mahacet.org/CAP-III/CAPR-III_6732.pdf')"
295,"('296.', None)","('6754', None)","('International Institute of Information Technology (IIT), Pune.', None)","('', 'https://fe2022.mahacet.org/CAP-I/CAPR-I_6754.pdf')","('', 'https://fe2022.mahacet.org/CAP-II/CAPR-II_6754.pdf')","('', 'https://fe2022.mahacet.org/CAP-III/CAPR-III_6754.pdf')"
296,"('297.', None)","('6755', None)","('JSPM Narhe Technical Campus, Pune.', None)","('', 'https://fe2022.mahacet.org/CAP-I/CAPR-I_6755.pdf')","('', 'https://fe2022.mahacet.org/CAP-II/CAPR-II_6755.pdf')","('', 'https://fe2022.mahacet.org/CAP-III/CAPR-III_6755.pdf')"
297,"('298.', None)","('6756', None)","('Fabtech Technical Campus College of Engineering and Research, Sangola', None)","('', 'https://fe2022.mahacet.org/CAP-I/CAPR-I_6756.pdf')","('', 'https://fe2022.mahacet.org/CAP-II/CAPR-II_6756.pdf')","('', 'https://fe2022.mahacet.org/CAP-III/CAPR-III_6756.pdf')"
298,"('299.', None)","('6757', None)","('Yashoda Technical Campus, Wadhe, Satara.', None)","('', 'https://fe2022.mahacet.org/CAP-I/CAPR-I_6757.pdf')","('', 'https://fe2022.mahacet.org/CAP-II/CAPR-II_6757.pdf')","('', 'https://fe2022.mahacet.org/CAP-III/CAPR-III_6757.pdf')"
299,"('300.', None)","('6758', None)","('Sahyadri Valley College of Engineering & Technology, Rajuri, Pune.', None)","('', 'https://fe2022.mahacet.org/CAP-I/CAPR-I_6758.pdf')","('', 'https://fe2022.mahacet.org/CAP-II/CAPR-II_6758.pdf')","('', 'https://fe2022.mahacet.org/CAP-III/CAPR-III_6758.pdf')"
300,"('301.', None)","('6759', None)","('Shree Ramchandra College of Engineering, Lonikand,Pune', None)","('', 'https://fe2022.mahacet.org/CAP-I/CAPR-I_6759.pdf')","('', 'https://fe2022.mahacet.org/CAP-II/CAPR-II_6759.pdf')","('', 'https://fe2022.mahacet.org/CAP-III/CAPR-III_6759.pdf')"
301,"('302.', None)","('6762', None)","('Nanasaheb Mahadik College of Engineering,Walwa, Sangli.', None)","('', 'https://fe2022.mahacet.org/CAP-I/CAPR-I_6762.pdf')","('', 'https://fe2022.mahacet.org/CAP-II/CAPR-II_6762.pdf')","('', 'https://fe2022.mahacet.org/CAP-III/CAPR-III_6762.pdf')"
302,"('303.', None)","('6766', None)","(""Phaltan Education Society's College of Engineering Thakurki Tal- Phaltan Dist-Satara"", None)","('', 'https://fe2022.mahacet.org/CAP-I/CAPR-I_6766.pdf')","('', 'https://fe2022.mahacet.org/CAP-II/CAPR-II_6766.pdf')","('', 'https://fe2022.mahacet.org/CAP-III/CAPR-III_6766.pdf')"
303,"('304.', None)","('6767', None)","('Suman Ramesh Tulsiani Technical Campus Faculty of Engineering, Kamshet,Pune.', None)","('', 'https://fe2022.mahacet.org/CAP-I/CAPR-I_6767.pdf')","('', 'https://fe2022.mahacet.org/CAP-II/CAPR-II_6767.pdf')","('', 'https://fe2022.mahacet.org/CAP-III/CAPR-III_6767.pdf')"
304,"('305.', None)","('6768', None)","('P.K. Technical Campus, Pune.', None)","('', 'https://fe2022.mahacet.org/CAP-I/CAPR-I_6768.pdf')","('', 'https://fe2022.mahacet.org/CAP-II/CAPR-II_6768.pdf')","('', 'https://fe2022.mahacet.org/CAP-III/CAPR-III_6768.pdf')"
305,"('306.', None)","('6769', None)","('Rasiklal M. Dhariwal Sinhgad Technical Institutes Campus, Warje, Pune.', None)","('', 'https://fe2022.mahacet.org/CAP-I/CAPR-I_6769.pdf')","('', 'https://fe2022.mahacet.org/CAP-II/CAPR-II_6769.pdf')","('', 'https://fe2022.mahacet.org/CAP-III/CAPR-III_6769.pdf')"
306,"('307.', None)","('6770', None)","('SKN Sinhgad Institute of Technology & Science, Kusgaon(BK),Pune.', None)","('', 'https://fe2022.mahacet.org/CAP-I/CAPR-I_6770.pdf')","('', 'https://fe2022.mahacet.org/CAP-II/CAPR-II_6770.pdf')","('', 'https://fe2022.mahacet.org/CAP-III/CAPR-III_6770.pdf')"
307,"('308.', None)","('6772', None)","('NBN Sinhgad Technical Institutes Campus, Pune', None)","('', 'https://fe2022.mahacet.org/CAP-I/CAPR-I_6772.pdf')","('', 'https://fe2022.mahacet.org/CAP-II/CAPR-II_6772.pdf')","('', 'https://fe2022.mahacet.org/CAP-III/CAPR-III_6772.pdf')"
308,"('309.', None)","('6780', None)","(""D.Y.Patil Education Society's,D.Y.Patil Technical Campus, Faculty of Engineering & Faculty of Management,Talsande,Kolhapur."", None)","('', 'https://fe2022.mahacet.org/CAP-I/CAPR-I_6780.pdf')","('', 'https://fe2022.mahacet.org/CAP-II/CAPR-II_6780.pdf')","('', 'https://fe2022.mahacet.org/CAP-III/CAPR-III_6780.pdf')"
309,"('310.', None)","('6781', None)","('Bhagwant Institute of Technology, Barshi', None)","('', 'https://fe2022.mahacet.org/CAP-I/CAPR-I_6781.pdf')","('', 'https://fe2022.mahacet.org/CAP-II/CAPR-II_6781.pdf')","('', 'https://fe2022.mahacet.org/CAP-III/CAPR-III_6781.pdf')"
310,"('311.', None)","('6782', None)","('Sahakar Maharshee Shankarrao Mohite Patil Institute of Technology & Research, Akluj', None)","('', 'https://fe2022.mahacet.org/CAP-I/CAPR-I_6782.pdf')","('', 'https://fe2022.mahacet.org/CAP-II/CAPR-II_6782.pdf')","('', 'https://fe2022.mahacet.org/CAP-III/CAPR-III_6782.pdf')"
311,"('312.', None)","('6794', None)","('Anantrao Pawar College of Engineering & Research, Pune', None)","('', 'https://fe2022.mahacet.org/CAP-I/CAPR-I_6794.pdf')","('', 'https://fe2022.mahacet.org/CAP-II/CAPR-II_6794.pdf')","('', 'https://fe2022.mahacet.org/CAP-III/CAPR-III_6794.pdf')"
312,"('313.', None)","('6795', None)","('Shri.Someshwar Shikshan Prasarak Mandal, Sharadchandra Pawar College of Engineering & Technology, Someshwar Nagar', None)","('', 'https://fe2022.mahacet.org/CAP-I/CAPR-I_6795.pdf')","('', 'https://fe2022.mahacet.org/CAP-II/CAPR-II_6795.pdf')","('', 'https://fe2022.mahacet.org/CAP-III/CAPR-III_6795.pdf')"
313,"('314.', None)","('6796', None)","(""Bharati Vidyapeeth's College of Engineering,Lavale, Pune"", None)","('', 'https://fe2022.mahacet.org/CAP-I/CAPR-I_6796.pdf')","('', 'https://fe2022.mahacet.org/CAP-II/CAPR-II_6796.pdf')","('', 'https://fe2022.mahacet.org/CAP-III/CAPR-III_6796.pdf')"
314,"('315.', None)","('6797', None)","('Dnyanshree Institute Engineering and Technology, Satara', None)","('', 'https://fe2022.mahacet.org/CAP-I/CAPR-I_6797.pdf')","('', 'https://fe2022.mahacet.org/CAP-II/CAPR-II_6797.pdf')","('', 'https://fe2022.mahacet.org/CAP-III/CAPR-III_6797.pdf')"
315,"('316.', None)","('6799', None)","('Shivganga Charitable Trust, Sangli Vishveshwarya Technical Campus, Faculty of Diploma Engineering, Patgaon, Miraj', None)","('', 'https://fe2022.mahacet.org/CAP-I/CAPR-I_6799.pdf')","('', 'https://fe2022.mahacet.org/CAP-II/CAPR-II_6799.pdf')","('', 'https://fe2022.mahacet.org/CAP-III/CAPR-III_6799.pdf')"
316,"('317.', None)","('6802', None)","('Dr. D.Y.Patil Institute of Engineering, Management & Reseach, Akurdi, Pune', None)","('', 'https://fe2022.mahacet.org/CAP-I/CAPR-I_6802.pdf')","('', 'https://fe2022.mahacet.org/CAP-II/CAPR-II_6802.pdf')","('', 'https://fe2022.mahacet.org/CAP-III/CAPR-III_6802.pdf')"
317,"('318.', None)","('6803', None)","('Sant Gajanan Maharaj College of Engineering, Gadhinglaj', None)","('', 'https://fe2022.mahacet.org/CAP-I/CAPR-I_6803.pdf')","('', 'https://fe2022.mahacet.org/CAP-II/CAPR-II_6803.pdf')","('', 'https://fe2022.mahacet.org/CAP-III/CAPR-III_6803.pdf')"
318,"('319.', None)","('6808', None)","('Keystone School of Engineering, Pune', None)","('', 'https://fe2022.mahacet.org/CAP-I/CAPR-I_6808.pdf')","('', 'https://fe2022.mahacet.org/CAP-II/CAPR-II_6808.pdf')","('', 'https://fe2022.mahacet.org/CAP-III/CAPR-III_6808.pdf')"
319,"('320.', None)","('6815', None)","(""Vidya Prasarini Sabha's College of Engineering & Technology, Lonavala"", None)","('', 'https://fe2022.mahacet.org/CAP-I/CAPR-I_6815.pdf')","('', 'https://fe2022.mahacet.org/CAP-II/CAPR-II_6815.pdf')","('', 'https://fe2022.mahacet.org/CAP-III/CAPR-III_6815.pdf')"
320,"('321.', None)","('6822', None)","(""Pimpri Chinchwad Education Trust's Pimpri Chinchwad College Of Engineering And Research, Ravet"", None)","('', 'https://fe2022.mahacet.org/CAP-I/CAPR-I_6822.pdf')","('', 'https://fe2022.mahacet.org/CAP-II/CAPR-II_6822.pdf')","('', 'https://fe2022.mahacet.org/CAP-III/CAPR-III_6822.pdf')"
321,"('322.', None)","('6834', None)","('Dr.D.Y.Patil College Of Engineering & Innovation,Talegaon', None)","('', 'https://fe2022.mahacet.org/CAP-I/CAPR-I_6834.pdf')","('', 'https://fe2022.mahacet.org/CAP-II/CAPR-II_6834.pdf')","('', 'https://fe2022.mahacet.org/CAP-III/CAPR-III_6834.pdf')"
322,"('323.', None)","('6839', None)","(""Dr. D Y Patil Pratishthan's College of Engineering, Kolhapur"", None)","('', 'https://fe2022.mahacet.org/CAP-I/CAPR-I_6839.pdf')","('', 'https://fe2022.mahacet.org/CAP-II/CAPR-II_6839.pdf')","('', 'https://fe2022.mahacet.org/CAP-III/CAPR-III_6839.pdf')"
323,"('324.', None)","('6878', None)","('Dr. A. D. Shinde College Of Engineering, Tal.Gadhinglaj, Kolhapur', None)","('', 'https://fe2022.mahacet.org/CAP-I/CAPR-I_6878.pdf')","('', 'https://fe2022.mahacet.org/CAP-II/CAPR-II_6878.pdf')","('', 'https://fe2022.mahacet.org/CAP-III/CAPR-III_6878.pdf')"
324,"('325.', None)","('6901', None)","(""MAEER's MIT College of Railway Engineering and Research, Jamgaon, Barshi"", None)","('', 'https://fe2022.mahacet.org/CAP-I/CAPR-I_6901.pdf')","('', 'https://fe2022.mahacet.org/CAP-II/CAPR-II_6901.pdf')","('', 'https://fe2022.mahacet.org/CAP-III/CAPR-III_6901.pdf')"
325,"('326.', None)","('6938', None)","(""Shree Siddheshwar Women's College Of Engineering Solapur."", None)","('', 'https://fe2022.mahacet.org/CAP-I/CAPR-I_6938.pdf')","('', 'https://fe2022.mahacet.org/CAP-II/CAPR-II_6938.pdf')","('', 'https://fe2022.mahacet.org/CAP-III/CAPR-III_6938.pdf')"
